55.9517511,-3.2076392,Albert Prince Consort,artwork,monument,,,,,
55.9598589,-3.1832586,Edinburgh Central Youth Hostel,hostel,,,,,,
55.9381557,-3.2059285,Bruntsfield Hotel,hotel,,,,,,
55.9170545,-3.2126453,Braid Hills Hotel,hotel,,,,,,
55.9440035,-3.1620073,,viewpoint,,,,,,
55.9505742,-3.2223415,Britannia Hotel Edinburgh,hotel,,,,,,
55.9235337,-3.2479339,Water of Leith Visitor Centre,information,,,,,,"Exhibits for children, description of historic use of Water of Leith, description of today's fauna nearby"
55.9500405,-3.1873006,The Inn On The Mile,hotel,,pub,,,,
55.9469224,-3.1913043,Greyfriars Bobby,attraction;artwork,memorial,fountain,,,,
55.9432536,-3.1668688,Hutton's Section,attraction,,,,,,
55.9541294,-3.1809330,South Viewpoint,viewpoint,,,,,,
55.9490288,-3.1956037,Camera Obscura & World of Illusions,attraction,,camera_obscura,,,,
55.9437898,-3.2584689,Corstorphine Hill LNR Map Board,information,,,,,,
55.9477108,-3.2639521,Rest and Be Thankful,viewpoint,,,,,,
55.9544518,-3.2745497,,viewpoint,,,,,,
55.9470669,-3.1877715,Talbot Rice Gallery,museum,,,,,,
55.9340640,-3.1225496,Hays Chair,artwork,,,,,,
55.9326021,-3.1487334,Peffermill House,hotel,,,,,,
55.9349664,-3.0906507,,artwork,,,,,,
55.9366417,-3.1570870,Prestonfield House,hotel,,restaurant,,,,
55.9401420,-3.0810105,,information,,,,,,
55.9828280,-3.1956747,Premier Inn Leith Waterfront,hotel,,,,,,
55.9040576,-3.1262582,Abbey Lodge,hotel,,,,,,
55.9055950,-3.1331110,Gilmerton Cove,attraction,,,,,,
55.9482519,-3.2642123,,viewpoint,,,,,,
55.9432241,-3.2114035,Brooks Hotel,hotel,,,,,,
55.9506243,-3.1884978,Edinburgh Backpackers Hostel,hostel,,,,,,
55.9509244,-3.1902691,St Christopher's Inn,hostel,,,,,,
55.9788008,-3.1794679,Holiday Inn Express Edinburgh-Waterfront,hotel,,,,,,
55.9382982,-3.2261235,Ardmillan Hotel,hotel,,,,,,
55.9286681,-3.1983743,Health Service,artwork,,,,,,
55.9161306,-3.2917503,Westburn Woodland Sculpture,artwork,,bench,,,,
55.9482056,-3.1848412,Dovecot Gallery,gallery,,,,,,
55.9374659,-3.2026956,Black Ivy,hotel,,,,,,
55.9101493,-3.2093123,The Buckstane,attraction,archaeological_site,,,,,
55.9276788,-3.2179010,,artwork,,,,,,Lighthouse sculpture. It is an important symbol for the people in the hospital which deals with mental health issues.
55.9487878,-3.2001566,Mons Meg,attraction,cannon,,,,,
55.9491633,-3.2008221,One O'Clock Gun,attraction,cannon,,,,,
55.9437833,-3.2298621,,information,,,,,,
55.9714927,-3.1906796,,information,,,,,,
55.9418294,-3.1502506,,information,,,,,,
55.9469485,-3.1965174,Apex Edinburgh International,hotel,,,,,,
55.9473807,-3.1953726,Apex Edinburgh City,hotel,,,,,,
55.9624179,-3.2340936,,information,,,,,,
55.9628702,-3.2350557,,information,,,,,,
55.9551644,-3.1827769,,information,,,,,,
55.9578430,-3.1746728,Six Brunton Place,guest_house,,,,,,
55.9203607,-3.2493219,Grotto,attraction,,,,,,
55.9232229,-3.2471817,Colinton & Craiglockhart Dells,information,,,,,,
55.9191674,-3.2480524,Craiglockhart Dell,information,,,,,,Creation of Craiglockhart Dell and wildlife
55.9201345,-3.2486589,Grotto,attraction,,,,,,
55.9495655,-3.1914772,Heart of Midlothian,attraction,,,,,,
55.9717065,-3.1697430,,artwork,,,,,,
55.9479884,-3.1944743,West Bow Well,attraction,,fountain,,,,
55.9415604,-3.1502224,,information,,,,,,Duddingston Loch
55.9571525,-3.1862835,Holiday Inn Express Edinburgh City Centre,hotel,,,,,,
55.9256887,-3.2299616,Craiglockhart Nature Trail,information,,,,,,Scheme of ways and a few information on wildlife
55.9665785,-3.1993473,Eildon Street Gate,artwork,,,,,,Leaf shaped gate designed by Adrian Hickey
55.9477632,-3.2035527,Edinburgh Farmers' Market,attraction,,marketplace,,,,
55.9778416,-3.1685724,Malmaison,hotel,,,,,,
55.9534973,-3.1960943,Le Monde,hotel,,,,,,
55.9745070,-3.1770412,Murmur,information,,,,,,
55.9754465,-3.1723465,,information,,,,,,
55.9766042,-3.1719254,Murmur,information,,,,,,
55.9778109,-3.1690893,,information,,,,,,
55.9499443,-3.1862509,High Street Hostel,hostel,,,,,,
55.9239417,-3.2171833,,picnic_site,,,,,,
55.9365530,-3.2267259,Kirklea House,guest_house,,,,,,
55.9216601,-3.1959638,Hermitage of Braid & Blackford Hill,information,,,,,,Shows Braid Burn and hills around Blackford Hill
55.9457056,-3.2034912,DoubleTree by Hilton Hotel Edinburgh City Centre,hotel,,,,,,
55.9449778,-3.2001704,Premier Inn,hotel,,,,,,
55.9451010,-3.1996608,Novotel,hotel,,,,,,
55.9454029,-3.2016240,The Knight Residence,apartment,,,,,,
55.9461731,-3.2034957,Artlink,artwork,,,,,,
55.9482058,-3.1959365,Castle Rock Hostel,hostel,,,,,,
55.9716626,-3.1905744,Stedfastgate,viewpoint,,,,,,
55.9298224,-3.2273053,Lindsay Guest House,guest_house,,,,,,
55.9448758,-3.1866917,Inspace,gallery,,,,,,
55.9463681,-3.1836097,Ten Hill Place,hotel,,,,,,
55.9868668,-3.1895813,Hot-el Apartments,hotel,,,,,,
55.9590274,-3.2105717,Studio Bizio,gallery,,,,,,
55.9511304,-3.1861772,Jurys Inn Edinburgh,hotel,,,,,,
55.9507512,-3.1875224,Hilton Edinburgh Carlton,hotel,,,,,,
55.9193869,-3.2011691,Ice House,attraction,,,,,,
55.9266245,-3.1447345,The Quarry,attraction,,,,,,
55.9378000,-3.1771354,The Salisbury,hotel,,,,,,
55.9750835,-3.1717360,,information,,,,,,
55.9266397,-3.1430694,,picnic_site,,,,,,
55.9248281,-3.1489018,,information,,,,,,
55.9250242,-3.1511535,,information,,,,,,
55.9268215,-3.1479134,,information,,,,,,
55.9753988,-3.1961380,,information,,,,,,
55.9242078,-3.1459574,,information,,,,,,
55.9437963,-3.2690458,,picnic_site,,,,,,
55.9441583,-3.2706738,,picnic_site,,,,,,
55.9447145,-3.2681884,,information,,,,,,
55.9447108,-3.2682233,Budongo- a forest in Uganda,information,,,,,,
55.9446828,-3.2684932,Chimpanzee,information,,,,,,
55.9443754,-3.2690772,Buff-cheeked gibbon,information,,,,,,
55.9437709,-3.2697161,,picnic_site,,,,,,
55.9437029,-3.2701661,,picnic_site,,,,,,
55.9444013,-3.2708908,,picnic_site,,,,,,
55.9443900,-3.2708245,,picnic_site,,,,,,
55.9435460,-3.2696575,,picnic_site,,,,,,
55.9435293,-3.2697206,Reed bed filtration,information,,,,,,
55.9472868,-3.2703827,Hilltop,viewpoint,,,,,,
55.9457524,-3.2699146,,information,,,,,,
55.9467335,-3.2694521,,information,,,,,,
55.9452626,-3.2711730,,information,,,,,,
55.9466158,-3.2694706,,picnic_site,,,,,,
55.9473783,-3.2696807,,information,,,,,,
55.9473595,-3.2707429,,picnic_site,,,,,,
55.9466516,-3.2694746,,picnic_site,,,,,,
55.9473735,-3.2697250,,information,,,,,,
55.9427485,-3.2691462,Meerkat Plaza,attraction,,,,,,
55.9432707,-3.2690805,Monkey Walkthrough,attraction,,,,,,
55.9430116,-3.2687810,Chilean Flamingo,attraction,,,,,,
55.9426185,-3.2704798,Red River Hog,attraction,,,,,,
55.9441255,-3.2721390,Penguins Rock,attraction,,,,,,
55.9477969,-3.2651673,Grevy's Zebra,attraction,,,,,,
55.9429336,-3.2695769,Red Panda,attraction,,,,,,
55.9447638,-3.2722555,Greater One Horned Rhinoceros,attraction,,,,,,
55.9432149,-3.2696478,Chinese Goral,attraction,,,,,,
55.9434982,-3.2691602,Darwin's Rhea,attraction,,,,,,
55.9482565,-3.2674250,,viewpoint,,,,,,
55.9436978,-3.2725686,,information,,,,,,
55.9444350,-3.2724564,,information,,,,,,
55.9434504,-3.2709419,,information,,,,,,
55.9560835,-3.1136081,,picnic_site,,,,,,
55.9561317,-3.1137360,,picnic_site,,,,,,
55.9454312,-3.2705882,Visayan Spotted Deer,attraction,,,,,,
55.9463672,-3.2691265,Asiatic Lion,attraction,,,,,,
55.9455465,-3.2698724,Swamp Wallaby,attraction,,,,,,
55.9453892,-3.2711819,Snowy Owl,attraction,,,,,,
55.9455020,-3.2669049,Squirrel/Capuchin Monkeys,attraction,,,,,,
55.9457654,-3.2679370,Koala,attraction,,,,,,
55.9461198,-3.2665854,Wallaby Outback,attraction,,,,,,Swamp Wallaby
55.9453708,-3.2689082,Malayan Sun Bears,attraction,,,,,,
55.9450303,-3.2693781,Southern Cassowary,attraction,,,,,,
55.9456854,-3.2711741,Egyptian Vulture,attraction,,,,,,
55.9454415,-3.2685900,Margay,attraction,,,,,,
55.9453732,-3.2683985,Mongoose,attraction,,,,,,
55.9453257,-3.2694740,Southern Pudu,attraction,,,,,,
55.9447401,-3.2692574,Pygmy Hippo,attraction,,,,,,
55.9448097,-3.2697869,Striped Skunk,attraction,,,,,,
55.9461031,-3.2700371,Gelada Baboon,attraction,,,,,,
55.9446668,-3.2704642,Pygmy Goat,attraction,,,,,,
55.9447887,-3.2708559,Binturong,attraction,,,,,,
55.9447716,-3.2701141,Asiatic short-clawed Otter,attraction,,,,,,
55.9439486,-3.2692771,Lemur Walkthrough,attraction,,,,,,Crowned and ring tailed lemur
55.9468710,-3.2657596,Giant Pandas,attraction,,,,,,
55.9447486,-3.2727748,Malayan Tapir,attraction,,,,,,
55.9436164,-3.2711830,Drill,attraction,,,,,,
55.9442634,-3.2715685,Penguins Rock,attraction,,,,,,
55.9426753,-3.2696716,Pelican Walkthrough,attraction,,,,,,
55.9433742,-3.2702927,,attraction,,,,,,
55.9465565,-3.2676204,Sumatran Tiger,attraction,,,,,,
55.9468911,-3.2668400,Lowland Nyala,attraction,,,,,,
55.9473173,-3.2667568,Lesser Kudu,attraction,,,,,,
55.9473731,-3.2677626,,picnic_site,,,,,,
55.9457552,-3.2675001,Visayan Spotted Deer,attraction,,,,,,
55.9800084,-3.1912453,Anchor,artwork,,,,,,
55.9495184,-3.2714594,,picnic_site,,,,,,
55.9539155,-3.1869471,Apex Waterloo Place Hotel,hotel,,,,,,
55.9537287,-3.1876317,Travelodge Edinburgh Central Waterloo Place,hotel,,,,,,
55.9500898,-3.1869155,Radisson Blu Hotel,hotel,,,,,,
55.9508785,-3.1768975,Macdonald Holyrood Hotel,hotel,,,,,,
55.9594125,-3.2042071,Man Horse Eagle,artwork,,,,,,
55.9338745,-3.1719693,Appin House,guest_house,,,,,,
55.9437772,-3.1887420,,artwork,,,,,,
55.9860880,-3.1883351,Ocean Apartments,hotel,,,,,,
55.9028368,-3.1732556,Cross,attraction,,,,,,
55.9736101,-3.1710719,Giles Street Mural,artwork,,,,,,
55.9836799,-3.1763604,6 Times,artwork,,,,,,
55.9465009,-3.1374093,Lady Nairne Premier Inn,hotel,,,,,,
55.9566750,-3.1855246,The Glasshouse,hotel,,,,,,
55.9636807,-3.2061881,John Muir Grove,attraction,,,,,,
55.9642665,-3.2041239,Scottish Heath Garden,attraction,,,,,,
55.9642033,-3.2093229,Chinese Hillside 中国坡,attraction,,,,,,
55.9647771,-3.2039865,East Gate,information,,,,,,
55.9640301,-3.2055016,Rock Garden,attraction,,,,,,
55.9644017,-3.2123465,,information,,,,,,
55.9671288,-3.2104570,Queen Mothers Memorial Garden,attraction,,,,,,
55.9665212,-3.2109599,Herbaceous Border and Beech Hedge,attraction,,,,,,
55.9666959,-3.2084851,Fossil Garden,attraction,,,,,,
55.9661714,-3.2130886,Cryptogamic Garden,attraction,,,,,,
55.9665978,-3.2131069,Native Woodland,attraction,,,,,,
55.9665833,-3.2120384,Demonstration Garden,attraction,,,,,,
55.9541859,-3.1087201,Prince Of Wales Fountain,attraction,,fountain,,,,
55.9540954,-3.1088327,,viewpoint,,,,,,
55.9523647,-3.1038920,,viewpoint,,,,,,
55.9586267,-3.1191714,,viewpoint,,,,,,
55.9519091,-3.1027251,,viewpoint,,,,,,
55.9491007,-3.0951514,,viewpoint,,,,,,
55.9579857,-3.1179602,,viewpoint,,,,,,
55.9583285,-3.1185324,,viewpoint,,,,,,
55.9691702,-3.2074531,The Ashlyn Guest House,guest_house,,,,,,
55.9810594,-3.1781872,The Spirit of Leithers,museum,,,,,,
55.9090605,-3.2564825,A walk with Robert Louis Stevenson,information,,,,,,
55.9808431,-3.2595202,,viewpoint,,,,,,
55.9481162,-3.2001500,Prisoners of War Museum,museum,,,,,,
55.9590163,-3.2140865,Six Marys Place,hotel,,,,,,
55.9317316,-3.1726249,Barony House,guest_house,,,,,,
55.9692421,-3.2790022,,picnic_site,,,,,,
55.9692534,-3.2789856,,picnic_site,,,,,,
55.9692762,-3.2790819,,picnic_site,,,,,,
55.9692943,-3.2789277,,picnic_site,,,,,,
55.9693197,-3.2790307,,picnic_site,,,,,,
55.9485892,-3.1858373,Edinburgh Metro,hostel,,,,,,
55.9744574,-3.1738580,,picnic_site,,,,,,
55.9744206,-3.1741512,,picnic_site,,,,,,
55.9910538,-3.2906990,,information,,,,,,
55.9926328,-3.2898912,,information,,,,,,
55.9527031,-3.1979799,Travelodge Rose Street,hotel,,,,,,
55.9560356,-3.1824861,North Viewpoint,viewpoint,,,,,,
55.9543903,-3.1831036,,viewpoint,,,,,,
55.9670030,-3.2093392,Alpine Garden,attraction,,,,,,
55.9526076,-3.1943562,Mercure Hotel,hotel,,,,,,
55.9528411,-3.1930191,Old Waverley Hotel,hotel,,,,,,
55.9532098,-3.1908189,Hotel Indigo,hotel,,,,,,
55.9562611,-3.1873312,The Manuscript of Monte Cassino,artwork,,,,,,
55.9484945,-3.1904331,Cowgate Hostel,hostel,,,,,,
55.9034248,-3.2848580,,information,,,,,,
55.9459979,-3.1902770,Hotel du Vin,hotel,,,,,,
55.9789145,-3.1757313,Wildlife Garden - Pond,information,,,,,,
55.9364495,-3.1441787,,information,,,,,,
55.9833224,-3.2415764,,picnic_site,,,,,,
55.9126296,-3.2169276,,information,,,,,,
55.9113902,-3.2252999,,information,,,,,,
55.9340915,-3.1741419,Swan Travel Hotel,guest_house,,,,,,
55.9544345,-3.2000121,Travelodge Edinburgh Central Queen Street,hotel,,,,,,
55.9555590,-3.2193770,Travelodge Edinburgh Learmonth,hotel,,,,,,
55.9500000,-3.1919145,Fraser Suites Edinburgh,hotel,,,,,,
55.9450930,-3.2608919,,viewpoint,,,,,,
55.9464057,-3.2635956,,viewpoint,,,,,,
55.9567336,-3.2071902,Nira Caledonia,hotel,,,,,,
55.9514264,-3.2158032,The Bonham Hotel,hotel,,,,,,
55.9490912,-3.1927585,Radisson Collection Royal Mile Edinburgh,hotel,,,,,,
55.9508649,-3.2044736,EasyHotel Prince Street West,hotel,,,,,,
55.9509648,-3.2039000,Premier Inn,hotel,,,,,,
55.9496554,-3.2089364,cityroomz,hotel,,,,,,
55.9360093,-3.1684203,Hotel Ceilidh-Donia,hotel,,,,,,
55.9461291,-3.2279670,Cumberland Hotel,hotel,,,,,,
55.9460624,-3.2290493,Dunstane House,hotel,,,,,,
55.9458084,-3.2413345,Kingsburgh House,guest_house,,,,,,
55.9456220,-3.2434720,Murrayfield Hotel,hotel,,,,,,
55.9456666,-3.2429277,Hampton Hotel,hotel,,,,,,
55.9608667,-3.2001828,Ailsa,guest_house,,,,,,
55.9608549,-3.2002546,Ardenlee,guest_house,,,,,,
55.9608248,-3.2004373,Dene,guest_house,,,,,,
55.9608099,-3.2005282,Eyre,guest_house,,,,,,
55.9540496,-3.2022701,Queens Guest House,guest_house,,,,,,
55.9465750,-3.2197080,Grosvenor Gardens Hotel,hotel,,,,,,
55.9502843,-3.2173278,Thistle Hotel,hotel,,,,,,
55.9505558,-3.2171107,The Chester Residence,hotel,,,,,,
55.9480061,-3.1947461,Grassmarket Hotel,hotel,,,,,,
55.9499504,-3.1904975,Mary King's Close,attraction,,,,,,
55.9466715,-3.1916328,Greyfriars Bobby's Grave,attraction,tomb,,,,,
55.9539687,-3.2006755,Rabble,hotel,,,,,,"A boutique hotel, restaurant and bar"
55.9629003,-3.2003995,The Atelier Gallery,gallery,,,,,,
55.9506466,-3.1916009,Motel One,hotel,,,,,,
55.9533335,-3.2009235,Frederick House Hotel,hotel,,,,,,
55.9545477,-3.1826232,,information,,,,,,
55.9543764,-3.1830656,,information,,,,,,
55.9560522,-3.1825426,,information,,,,,,
55.9542524,-3.1809542,,information,,,,,,
55.9534285,-3.2019450,Edinburgh Central Guest House,guest_house,,,,,,
55.9528462,-3.2041368,Edinburgh Townhouse,guest_house,,,,,,
55.9487400,-3.2150050,Number 29,guest_house,,,,,,
55.9481177,-3.2086363,Horse & Rider,artwork,,,,,,
55.9575692,-3.1881677,Regent House Hotel,hotel,,,,,,
55.9563432,-3.1885381,Hotel Indigo,hotel,,,,,,
55.9564995,-3.1901304,The Place,hotel,,,,,,
55.9560158,-3.1902437,York House Hotel,hotel,,,,,,
55.9564128,-3.1906527,28 York Place,hotel,,,,,,
55.9529266,-3.2049325,Stewart Aparthotel,apartment,,,,,,
55.9408450,-3.2091200,Castle Park,guest_house,,,,,,
55.9405545,-3.2079235,Amaryllis,guest_house,,,,,,
55.9463087,-3.2150806,The Kinnaird Guesthouse,guest_house,,,,,,
55.9307972,-3.2387508,Badjao B&B,guest_house,,,,,,
55.9587361,-3.1929880,7 London Street B&B,guest_house,,,,,,
55.9780398,-3.1692201,Sandy Irvine Robertson OBE,artwork,,,,,,
55.9753620,-3.1667765,Robert Burns Statue,artwork,,,,,,
55.9416658,-3.2044478,Valentine,guest_house,,,,,,
55.9481034,-3.1963117,,information,,,,,,
55.9580593,-3.2093396,Saorsa Art Gallery,gallery,,,,,,
55.9342754,-3.1661762,Aonach Mor Guesthouse,guest_house,,,,,,
55.9496209,-3.1880081,Ibis,hotel,,,,,,
55.9491292,-3.1873777,Mercat Cross,attraction,,,,,,
55.9487357,-3.1875312,200 Cowgate,hostel,,,,,,
55.9592860,-3.1920337,Caravel House,guest_house,,,,,,
55.9532423,-3.1923005,Travelodge Princes Street,hotel,,,,,,
55.9569679,-3.1875474,The Wine House Hotel 1821,hotel,,,,,,
55.9576259,-3.2084168,Stockbridge Market,attraction,,marketplace,,,,
55.9510822,-3.1885303,The Scotsman Hotel,hotel,,,,,,
55.9509801,-3.1784655,Holyrood Aparthotel,hotel,,,,,,
55.9498822,-3.2078619,Rutland Hotel,hotel,,,,,,
55.9744291,-3.1831217,Ocean Inn,guest_house,,,,,,
55.9729557,-3.1885667,Sheridan,guest_house,,,,,,
55.9418268,-3.2216281,Dalry Guest House,guest_house,,,,,,
55.9620787,-3.2173268,,information,,,,,,
55.9545907,-3.1990140,Q Residence,guest_house,,,,,,
55.9225906,-3.2492376,Crosskeys Studios,apartment,,,,,,
55.9695811,-3.1609034,Crioch Guest House,guest_house,,,,,,
55.9394311,-3.2080335,Menzies,guest_house,,,,,,
55.9390431,-3.2075189,Cluaran House,guest_house,,,,,,
55.9543465,-3.2333526,Sandilands House,guest_house,,,,,,
55.9418073,-3.2687946,Parkview,guest_house,,,,,,
55.9418508,-3.2684621,Dalmore Lodge,guest_house,,,,,,
55.9417195,-3.2694995,Allermuir,guest_house,,,,,,
55.9417688,-3.2690944,MacIntosh,guest_house,,,,,,
55.9417966,-3.2688830,Glenturret,guest_house,,,,,,
55.9213335,-3.2113792,Number 27 Morningside,guest_house,,,,,,
55.9356234,-3.1757192,Thrums Hotel,guest_house,,,,,,
55.9285058,-3.1693921,Kingsley Guest House,guest_house,,,,,,
55.9332321,-3.1732335,Allison House,guest_house,,,,,,
55.9312264,-3.1769733,Lauderville House,guest_house,,,,,,
55.9359796,-3.1769693,Bellevue,guest_house,,,,,,
55.9289171,-3.1698110,Brothaigh House,guest_house,,,,,,
55.9298866,-3.1754830,Smith's Guest House,guest_house,,,,,,
55.9361037,-3.1770938,Sherwood,guest_house,,,,,,
55.9307856,-3.1707414,Ben Craig,guest_house,,,,,,
55.9334680,-3.1734884,The Ben Doran,guest_house,,,,,,
55.9299408,-3.1755300,Mayfield Lodge,guest_house,,,,,,
55.9364056,-3.1765053,Blossom,guest_house,,,,,,
55.9316037,-3.1725002,Arrandale,guest_house,,,,,,
55.9336130,-3.1736140,Ivy Guest House,guest_house,,,,,,
55.9296336,-3.1752093,Highfield,guest_house,,,,,,
55.9362622,-3.1772467,Strathallan,guest_house,,,,,,
55.9317316,-3.1717390,International,guest_house,,,,,,
55.9334395,-3.1743785,Abcorn,guest_house,,,,,,
55.9274573,-3.1659549,Glendale House,guest_house,,,,,,
55.9367402,-3.1768286,Mayville,guest_house,,,,,,
55.9317979,-3.1717965,The Alexander,guest_house,,,,,,
55.9340266,-3.1740758,City Break Guest House,guest_house,,,,,,
55.9272494,-3.1663160,Ardgowan House Hotel,guest_house,,,,,,
55.9364465,-3.1774518,Abileen House,guest_house,,,,,,
55.9318589,-3.1718566,Alba Hills,guest_house,,,,,,
55.9345626,-3.1745967,Minto House,guest_house,,,,,,
55.9279967,-3.1679145,Northumberland Hotel,hotel,,,,,,
55.9365551,-3.1775525,Counan,guest_house,,,,,,
55.9319670,-3.1728835,Auld Reekie,guest_house,,,,,,
55.9350573,-3.1751326,Tania Guest House,guest_house,,,,,,
55.9282822,-3.1682141,Alba House,guest_house,,,,,,
55.9323471,-3.1723972,Glenalmond House,guest_house,,,,,,
55.9327023,-3.1771693,Capital Guest House,guest_house,,,,,,
55.9285894,-3.1685115,Kildonan Lodge Hotel,hotel,,,,,,
55.9325313,-3.1725486,23 Mayfield Boutique Guest House,guest_house,,,,,,
55.9312927,-3.1770096,Classic House,guest_house,,,,,,
55.9536443,-3.1903231,Princess Street Backpackers,hostel,,,,,,
55.9585469,-3.1823212,Cairn Hotel,hotel,,,,,,
55.9536028,-3.1862725,Memorial to Archibald Constable,attraction,tomb,,,,,
55.9534947,-3.1860463,Tombstone of David Allan,attraction,tomb,,,,,
55.9533184,-3.1857689,Vault of Dr Robert Candlish & James Candlish,attraction,tomb,,,,,
55.9535200,-3.1862811,Vault of Robert Burn,attraction,tomb,,,,,
55.9536488,-3.1864671,Vault of William Blackwood,attraction,tomb,,,,,
55.9561378,-3.1923111,Ballantrae Hotel,hotel,,,,,,
55.9566328,-3.1758348,Terrace Hotel,hotel,,,,,,
55.9566882,-3.1778092,24 Royal Terrace,hotel,,,,,,
55.9567108,-3.1786172,Crowne Plaza,hotel,,,,,,
55.9567397,-3.1796440,Adria House,guest_house,,,,,,
55.9567484,-3.1799567,Abbey Hotel,hotel,,,,,,
55.9567523,-3.1800935,Halcyon House,guest_house,,,,,,
55.9519963,-3.2036013,Castle View,guest_house,,,,,,
55.9309398,-3.1715823,,information,,,,,,
55.9317012,-3.1742083,Rowan House,guest_house,,,,,,
55.9323933,-3.1770515,City Guest House,guest_house,,,,,,
55.9656755,-3.1808429,Claymore,guest_house,,,,,,
55.9616812,-3.1810071,Brown's,guest_house,,,,,,
55.9655182,-3.1806641,Craigmoss,guest_house,,,,,,
55.9657299,-3.1808966,The Ayden,guest_house,,,,,,
55.9651364,-3.1794671,The Maple Leaf,guest_house,,,,,,
55.9655676,-3.1807179,Millers,guest_house,,,,,,
55.9650464,-3.1800998,Garlands,guest_house,,,,,,
55.9656233,-3.1807818,Fraoch House,guest_house,,,,,,
55.9646895,-3.1796752,Abbotsford,guest_house,,,,,,
55.9653608,-3.1804953,The Conifers,guest_house,,,,,,
55.9647488,-3.1797428,Carrington,guest_house,,,,,,
55.9617824,-3.1811804,Bonnie's Guest House,guest_house,,,,,,
55.9643933,-3.1793212,Acorn Lodge,guest_house,,,,,,
55.9658545,-3.1810843,Ardmor House,guest_house,,,,,,
55.9618417,-3.1812818,Ecosse,guest_house,,,,,,
55.9645628,-3.1795349,Balmoral,guest_house,,,,,,
55.9416264,-3.1002627,Gilberstoun Community Notice Board,information,,,,,,
55.9516537,-3.1841466,Joe Public,artwork,,,,,,
55.9601601,-3.1932061,Bellevue Eleven,guest_house,,,,,,
55.9559359,-3.1908299,Elder York,guest_house,,,,,,
55.9639262,-3.2026119,The Inverleith Hotel,hotel,,,,,,
55.9691733,-3.1640520,Merith House Hotel,hotel,,,,,,
55.9690805,-3.1647961,Culane House Hotel,hotel,,,,,,
55.9694888,-3.1617274,Hermitage Guest House,guest_house,,,,,,
55.9468672,-3.2176887,ritz,hotel,,,,,,
55.9270755,-3.1387547,,information,,,,,,
55.9275351,-3.1559958,Alpha Guest House,guest_house,,,,,,
55.9563874,-3.1862375,Giraffes,artwork,,,,,,
55.9340453,-3.1724787,Cherry Tree Villa,guest_house,,,,,,
55.9339485,-3.1730454,Clarin Guest House,guest_house,,,,,,
55.9339756,-3.1729262,Kingsway Guest House,guest_house,,,,,,
55.9339340,-3.1731387,Sonas B&B,guest_house,,,,,,
55.9485686,-3.0933325,Pearl View,guest_house,,,,,,
55.9485257,-3.0926376,Seaview Guesthouse,guest_house,,,,,,
55.9296513,-3.1604970,Cameron Bed & Breakfast,guest_house,,,,,,
55.9470593,-3.2069434,First Conundrum,artwork,,,,,,
55.9138256,-3.1790382,,picnic_site,,,,,,
55.9190832,-3.1842668,,information,,,,,,
55.9580154,-3.1812105,Hotel Twenty,hotel,,,,,,
55.9500438,-3.0990617,Joppa Turrets Guest House,guest_house,,,,,,
55.9534248,-3.1080298,Beachfront B&B,guest_house,,,,,,
55.9341938,-3.1663630,Amar Agua Guest House,guest_house,,,,,,
55.9346229,-3.1657314,Airdenair Guest House,guest_house,,,,,,
55.9347573,-3.1667093,Ken Vie Guest House,guest_house,,,,,,
55.9348719,-3.1668679,Panda Villa,guest_house,,,,,,
55.9363131,-3.1706576,Ascot Guest House,guest_house,,,,,,
55.9363741,-3.1707285,Clan Walker Guest House,guest_house,,,,,,
55.9364502,-3.1708181,DR Guest House,guest_house,,,,,,
55.9361591,-3.1696021,Gifford House,guest_house,,,,,,
55.9360357,-3.1706426,Gil-Dun Guest House,guest_house,,,,,,
55.9365966,-3.1709894,Gladstone,guest_house,,,,,,
55.9361451,-3.1703374,MW Townhouse,guest_house,,,,,,
55.9362117,-3.1696713,Rosehall Hotel,hotel,,,,,,
55.9141125,-3.1484813,,information,,,,,,
55.9535904,-3.1831565,Simple and serving Scotland,information,,,,,,
55.9502191,-3.1053645,Ardenlea Guest House,guest_house,,,,,,
55.9485913,-3.0962438,Seahaven Hotel,hotel,,,,,,
55.9524878,-3.2082145,Georgian House,attraction,,,,,,
55.9501484,-3.1911760,Cheval Old Town Chambers,hotel,,,,,,
55.9572474,-3.1900540,Albany Hotel,hotel,,,,,,
55.9558684,-3.1935104,Royal Garden Apartments,apartment,,,,,,
55.9593142,-3.1898644,Ramsay's,guest_house,,,,,,
55.9483792,-3.1943024,The Cadies and Witchery Tours,attraction,,,,,,
55.9535218,-3.1900347,Motel One,hotel,,,,,,
55.9588817,-3.1872703,Broughton Townhouse,guest_house,,,,,,
55.9478579,-3.1930360,Kick Ass Hostels,hostel,,,,,,
55.9487433,-3.1958749,The Scotch Whisky Experience,attraction,,,,,,
55.9541797,-3.1861379,Parliament House Hotel,hotel,,,,,,
55.9665295,-3.1818506,Edinburgh House Hotel,hotel,,,,,,
55.9510093,-3.1980975,The Genius of Architecture crowning the Theory and Practice of Art,artwork,,,,,,
55.9506775,-3.1902143,Stills,gallery,,,,,,
55.9504080,-3.1879255,Royal Mile Mansions,hotel,,,,,,
55.9493913,-3.1878844,Edinburgh Contemporary Crafts,gallery,,,,,,
55.9503299,-3.1855073,Museum of Childhood,museum,,,,,,
55.9510784,-3.1908778,The Edinburgh Dungeon,attraction,,,,,,
55.9511497,-3.1904074,St. Christopher’s Inn - Edinburgh Old Town,hostel,,,,,,
55.9511701,-3.1849500,Urbane Art Gallery,gallery,,,,,,
55.9485053,-3.1945029,The Red Door Gallery,artwork,,,,,,
55.9510031,-3.2913527,,picnic_site,,,,,,
55.9510337,-3.2911449,,picnic_site,,,,,,
55.9440222,-3.0982541,,information,,,,,,
55.9467674,-3.1846803,Surgeons' Hall Museums,museum,,,,,,
55.9490962,-3.1834959,The Salvation Army Life House,hostel,,,,,,
55.9497259,-3.1916695,Royal Mile Apartments,hotel,,,,,,
55.9497748,-3.1914254,St. Giles Apartments,hotel,,,,,,
55.9568047,-3.1161756,,information,,,,,,
55.9542204,-3.2014688,Watson Gallery,gallery,,,,,,
55.9467134,-3.1977749,Kick Ass Hostels,hostel,,,,,,
55.9463486,-3.2172558,The Guards Hotel,hotel,,,,,,
55.9462505,-3.2174856,The Hostel,hostel,,,,,,
55.9479107,-3.2219923,Travelodge Haymarket,hotel,,,,,,
55.9494877,-3.2083904,The Rutland Hotel,hotel,,,,,,Hotel Luxury Serviced Apartments
55.9545707,-3.1947750,Ibis Styles,hotel,,,,,,
55.9701708,-3.1700688,The Conservation Studio,gallery,,,,,,
55.9729694,-3.1638663,Abbot's House Hotel,hotel,,,,,,
55.9717997,-3.1618162,Adelphi Hotel,hotel,,,,,,
55.9517382,-3.1732462,Holyrood Park,information,,,,,,
55.9525674,-3.1746473,,information,,,,,,
55.9525481,-3.1994589,Code,hostel,,,,,,
55.9561044,-3.1871662,The Manuscript of Monte Cassino,artwork,,,,,,
55.9561867,-3.1872503,The Manuscript of Monte Cassino,artwork,,,,,,
55.9618974,-3.1813772,Ben Cruachan,guest_house,,,,,,
55.9760543,-3.1743126,Coburg House Studios,gallery,,,,,,
55.9621718,-3.2109983,,information,,,,,,
55.9535124,-3.1867818,Princes Street Suites,hotel,,,,,,
55.9222127,-3.1705507,,information,,,,,,
55.9226839,-3.1747550,,information,,,,,,
55.9511067,-3.2253209,6 TIMES HORIZON,artwork,,,,,,
55.9519291,-3.2177129,,picnic_site,,,,,,
55.9583138,-3.1772926,The Hedges,guest_house,,,,,,
55.9589183,-3.1819865,Hanover House Hotel,guest_house,,,,,,
55.9587316,-3.1796076,Number 11 Brunswick Street Hotel,hotel,,,,,,
55.9580648,-3.1808603,Two Hillside Crescent,guest_house,,,,,,
55.9423271,-3.2758272,Briarley House,guest_house,,,,,,
55.9434067,-3.2895849,Corstorphine Lodge Hotel,hotel,,,,,,
55.9046319,-3.1393110,,viewpoint,,,,,,
55.9467691,-3.1903456,,viewpoint,,,,,,
55.9719533,-3.2032158,Heriott Park,guest_house,,,,,,
55.9639093,-3.1918721,Claremont Hotel,hotel,,,,,,
55.9320185,-3.1773720,St Albans Lodge,guest_house,,,,,,
55.9388596,-3.1796429,Southside,guest_house,,,,,,
55.9811466,-3.2364132,Going to the Beach,artwork,,,,,,
55.9269468,-3.1668049,Travelodge Cameron Toll,hotel,,,,,,
55.9496243,-3.2185163,Westend Hotel,hotel,,,,,,
55.9364615,-3.1765617,Edinburgh Holiday Guest House,guest_house,,,,,,
55.9333080,-3.1733077,McGregor's Guest House,guest_house,,,,,,
55.9355532,-3.1678629,Ard-Na_Said Guest House,guest_house,,,,,,
55.9354637,-3.1669733,Priestville Guest House,guest_house,,,,,,
55.9349654,-3.1662224,Rosevale Guest House,guest_house,,,,,,
55.9344251,-3.1667640,The Thistle House,guest_house,,,,,,
55.9366234,-3.2046536,,picnic_site,,,,,,
55.9368934,-3.2046063,,picnic_site,,,,,,
55.9666602,-3.2084085,Fossil tree,attraction,,,,,,
55.9651875,-3.2103641,Girl,artwork,,,,,,
55.9527656,-3.1917658,Photo trail,viewpoint,,,,,,
55.9508158,-3.1613978,St Anthony's Chapel,information,,,,,,
55.9609940,-3.1852940,Calton Apartments,guest_house,,,,,,
55.9613719,-3.1845293,Hopetoun Guest House,guest_house,,,,,,
55.9619253,-3.1834011,Missionaries of Charity,hostel,,,,,,
55.9536886,-3.2049943,Gilbert,attraction,,telephone,,,,
55.9722873,-3.1688670,Pillars House,guest_house,,,,,,
55.9452524,-3.2693181,Azara's Agouti,attraction,,,,,,
55.9444378,-3.2690106,Buff cheeked Gibbon,attraction,,,,,,
55.9471247,-3.2691367,Giant Anteater,attraction,,,,,,
55.9621824,-3.1916254,McCrae's B&B,guest_house,,,,,,
55.9442618,-3.2683130,Chimpanzee,attraction,,,,,,
55.9478106,-3.2697363,Darwin's Rhea,attraction,,,,,,
55.9462514,-3.2719344,Grevy's Zebra,attraction,,,,,,
55.9468603,-3.2710695,Kune Kune Pig,attraction,,,,,,
55.9475496,-3.2719604,Vicuna,attraction,,,,,,
55.9455465,-3.2708577,Visayan Spotted Pig,attraction,,,,,,
55.9084929,-3.2280896,,information,,,,,,
55.9468660,-3.2137791,Edinburgh City Suites,hotel,,,,,,
55.9462716,-3.2136041,Fountain Court Apartments - Morrison,hotel,,,,,,
55.9512023,-3.2165938,B+B Edinburgh,guest_house,,,,,,
55.9509339,-3.2175700,The Edinburgh Residence,hotel,,,,,,
55.9470042,-3.2077083,Sheraton Hotel,hotel,,,,,,
55.9447053,-3.2180024,Escape,attraction,,,,,,
55.9151078,-3.2563806,,information,,,,,,
55.9384664,-3.1911763,Argyle Backpackers,hostel,,,,,,
55.9487498,-3.0880611,Rockville Hotel,hotel,,,,,,
55.9735723,-3.2087149,Falcon Crest,guest_house,,,,,,
55.9194726,-3.2013660,,information,,,,,,
55.9676201,-3.1940228,6 TIMES RIGHT,artwork,,,,,,
55.9740890,-3.1889995,A-Haven Townhouse Hotel,guest_house,,,,,,
55.9719120,-3.2034971,Ardleigh House,guest_house,,,,,,
55.9718972,-3.2035980,Brig O' Doon,guest_house,,,,,,
55.9718817,-3.2037035,Garfield,guest_house,,,,,,
55.9720231,-3.2027408,Ravensdown,guest_house,,,,,,
55.9513880,-3.1832725,Hub by Premier Inn,hotel,,,,,,
55.9513722,-3.1839686,Premier Inn,hotel,,,,,,
55.9123980,-3.2149056,,viewpoint,,,,,,
55.9504787,-3.1845173,Brodies Hostel,hostel,,,,,,
55.9797129,-3.2942425,Cramond Fish,artwork,,,,,,
55.9176486,-3.1678773,Brae Lodge,guest_house,,,,,,
55.9594990,-3.2148247,The Raeburn,hotel,,pub,,,,
55.9437931,-3.1126813,Anyetree B&B,guest_house,,,,,,
55.9434551,-3.1164872,Ardblair B&B,guest_house,,,,,,
55.9440290,-3.1096672,Milton House B&B,guest_house,,,,,,
55.9541955,-3.1985241,Braid Apartments,apartment,,,,,,
55.9445049,-3.0972121,Aaran Lodge B&B,guest_house,,,,,,
55.9422741,-3.1294973,The Gates B&B,guest_house,,,,,,
55.9458306,-3.2689149,Scottish Wildcat,attraction,,,,,,
55.9508502,-3.1080250,Abercorn Guest House,guest_house,,,,,,
55.9449062,-3.2478137,Murrayfield Park Guest House,guest_house,,,,,,
55.9505544,-3.1021248,Straven Guesthouse,guest_house,,,,,,
55.9456929,-3.2426429,The Murrayfield House,hotel,,,,,,
55.9414713,-3.2076039,Adam Drysdale House,guest_house,,,,,,
55.9417653,-3.2057422,Armadillo,guest_house,,,,,,
55.9414185,-3.2078242,Averon,guest_house,,,,,,
55.9415422,-3.2071553,Balmore,guest_house,,,,,,
55.9416225,-3.2066469,Braveheart,guest_house,,,,,,
55.9417453,-3.2058691,Emmaus House,guest_house,,,,,,"Emmaus House is home to an inclusive Christian community, offering accommodation for personal or group retreats, holiday (bed and breakfast), spiritual direction & life coaching."
55.9416026,-3.2067728,Kingsview,hostel,,,,,,
55.9416858,-3.2062462,Light House Hostel,hostel,,,,,,
55.9415221,-3.2072827,Star Villa,guest_house,,,,,,
55.9747404,-3.1844019,Swan Lake,guest_house,,,,,,
55.9496870,-3.2186090,Palmerston Suites,apartment,,,,,,luxury suites -- member of staff at reception every day between 9:00 and 20:00
55.9692633,-3.1634258,Mackenzie Guest House,guest_house,,,,,,
55.9693035,-3.1631052,Sandaig Guest House,guest_house,,,,,,
55.9397900,-3.2046911,Flamingosaurus Rex,gallery,,,,,,Art and design studio featuring work by resident local artists
55.9496370,-3.2163233,22 Chester Street,guest_house,,,,,,
55.9546059,-3.1770855,Regent Terrace Georgian,apartment,,,,,,
55.9542820,-3.2370378,Blinkbonny House,guest_house,,,,,,
55.9558060,-3.2430358,Holiday Inn Express,hotel,,,,,,
55.9478540,-3.1913064,Bobby's Bunkhouse,hostel,,,,,,
55.9508402,-3.1839962,Escape Hour,attraction,,,,,,
55.9392233,-3.1801678,Sakura House,guest_house,,,,,,
55.9718582,-3.1618951,McNair Hotel,hotel,,,,,,
55.9691507,-3.1603007,,apartment,,,,,,2 bedroom apartment on the 1st floor (access by stairs)
55.9500136,-3.1877405,,information,,,,,,
55.9622098,-3.2636022,The White House,guest_house,,,,,,
55.9423912,-3.2763722,Tudorbank Lodge,guest_house,,,,,,
55.9454413,-3.2299392,Kew House,guest_house,,,,,,
55.9454750,-3.2287513,Hampton House,hotel,,,,,,
55.9454677,-3.2289946,The Edinburgh Lodge,guest_house,,,,,,
55.9454023,-3.2304561,4Kt,guest_house,,,,,,
55.9455556,-3.2265048,Ashgrove House,guest_house,,,,,,
55.9460226,-3.2296953,Duthus Lodge,hotel,,,,,,
55.9459995,-3.2300712,Holiday Hotel,hotel,,,,,,
55.9463218,-3.2212645,Piries Hotel,hotel,,,,,,
55.9446378,-3.2548101,Twin Lions Hotel,hotel,,,,,,
55.9567303,-3.1892635,Premier Inn,hotel,,,,,,
55.9519286,-3.2035670,Edinburgh Castle Apartments & Suites,guest_house,,,,,,
55.9521110,-3.1706489,Wentworth Elm,attraction,,,,,tree,
55.9535717,-3.1714019,Wentworth Elm,attraction,,,,,tree,
55.9518090,-3.2028520,,information,,,,,,
55.9517142,-3.2034360,,information,,,,,,
55.9522427,-3.2002780,,information,,,,,,
55.9523387,-3.1996891,,information,,,,,,
55.9483569,-3.2032437,,information,,,,,,
55.9472818,-3.2213394,No. 32 Hotel,hotel,,,,,,
55.9465595,-3.2219020,The Lairg,hotel,,,,,,
55.9461870,-3.2218628,Haymarket Hotel,hotel,,,,,,
55.9528673,-3.1966214,,information,,,,,,
55.9792118,-3.2243147,,viewpoint,,bench,,,,
55.9732270,-3.1915231,Victoria Park House Hotel,hotel,,,,,,
55.9459093,-3.1837876,KM Central,hotel,,,,,,
55.9505004,-3.1896217,The Inn Place,hotel,,,,,,
55.9573190,-3.1846975,Courtyard - Marriott Edinburgh,hotel,,,,,,
55.9536492,-3.1679484,Holyrood Park,information,,,,,,
55.9498977,-3.1912230,Pillow Stops,apartment,,,,,,
55.9510841,-3.1820719,adagio aparthotel,hotel,,,,,,
55.9523621,-3.1921877,Edinburgh Bus Tours,attraction,,,,,,
55.9496906,-3.1937416,Writers' Museum,museum,,,,,,
55.9494286,-3.1936847,Gladstone's Land,attraction,,,,,,
55.9501880,-3.1932476,Museum on the Mound,museum,,,,,,
55.9469032,-3.2061356,Woman and Child,artwork,,,,,,
55.9576982,-3.1927335,Museum Collections Centre,museum,,,,,,This centre houses the reserve collections of the city museums.
55.9226027,-3.1753331,Parthenope,artwork,,,,,,
55.9226014,-3.1749715,Egeria,artwork,,,,,,
55.9458960,-3.1908452,Old Town Hostel,hostel,,,,,,
55.9514637,-3.2232888,There will be no Miracles Here,artwork,,,,,,
55.9509119,-3.2269199,Personnage,artwork,,,,,,
55.9512668,-3.2261962,Femme,artwork,,,,,,
55.9513852,-3.2229494,The Virgin of Alsace,artwork,,,,,,This bronze has been created in 1919-21 and purchased in 1930
55.9512889,-3.2249357,Master of the Universe,artwork,,,,,,"""Master of the Universe"" is based on a famous drawing by William Blake, which shows the scientist Isaac Newton (purchase in 1990)."
55.9385170,-3.2151572,Martin's,guest_house,,,,,,
55.9382241,-3.2157935,Edinburgh Regency,guest_house,,,,,,
55.9381822,-3.2158843,Granville,guest_house,,,,,,
55.9381409,-3.2159748,Edinburgh Caledonian,guest_house,,,,,,
55.9468592,-3.2682289,Sumatran Tiger,attraction,,,,,,
55.9499815,-3.1878248,Royal Mile Market,attraction,,marketplace,,,,"Traditional Scottish market made up of the best of Edinburgh's independent arts, craft and fashion traders (gifts, jewellery, collectables)"
55.9499736,-3.1879348,Old Town High Street,information,,bench,,,,
55.9193538,-3.2102163,,information,,,,,,
55.9188482,-3.1810143,,information,,,,,,
55.9192108,-3.2100414,,information,,,,,,
55.9127794,-3.2038640,,information,,,,,,
55.9051106,-3.2235749,,information,,,,,,
55.9186917,-3.2133880,,information,,,,,,
55.9191110,-3.2132257,,information,,,,,,
55.9406863,-3.1487073,The Physic Garden,attraction,,,,,,
55.9230569,-3.1949391,,viewpoint,,,,,,
55.9230586,-3.1949502,,information,,,,,,
55.9255419,-3.1961157,Blackford Pond,information,,,,,,
55.9495489,-3.2083143,The Rutland Hotel,hotel,,,,,,Hotel Luxury Serviced Apartments
55.9494268,-3.2084661,The Rutland Hotel,hotel,,,,,,Hotel Luxury Serviced Apartments
55.9496489,-3.2081899,YMCA Scotland,hostel,,,,,,
55.9267781,-3.1531169,,information,,,,,,
55.9153776,-3.2136747,Last Tram from the Braids,information,,,,,,
55.9368935,-3.1858588,Tantallon Place,guest_house,,,,,,
55.9560072,-3.1134475,,picnic_site,,,,,,
55.9559590,-3.1133196,,picnic_site,,,,,,
55.9448938,-3.1913640,,information,,,,,,
55.9745479,-3.1721916,Eduardo Paolozzi Mural,artwork,,,,,,
55.9707646,-3.1700092,Leith Dockers Club Mural,artwork,,,,,,
55.9627115,-3.1986620,Canon Court,apartment,,,,,,Canon Court Apartments are serviced apartments in Canonmills provide accommodation for guests visiting on both business and pleasur trips.
55.9628534,-3.1991434,Canon Court,apartment,,,,,,Canon Court Apartments are serviced apartments in Canonmills provide accommodation for guests visiting on both business and pleasur trips.
55.9737580,-3.1915386,The Bonnington Guest House,guest_house,,,,,,
55.9566241,-3.2720487,Corstorphine Hill LNR Map Board,information,,,,,,
55.9532991,-3.1941814,,information,,,,,,
55.9567954,-3.1817855,,information,,,,,,
55.9568188,-3.1816622,,information,,,,,,
55.9679548,-3.1795342,,guest_house,,,,,,
55.9200789,-3.2576546,,artwork,,,,,,
55.9409949,-3.2087138,Burns,guest_house,,,,,,
55.9410214,-3.2086000,The Town House,guest_house,,,,,,
55.9411387,-3.2078884,Regis,guest_house,,,,,,
55.9411716,-3.2076788,Cruachan,guest_house,,,,,,
55.9411883,-3.2075722,Gilmore,guest_house,,,,,,
55.9374171,-3.2113651,Albyn Townhouse,guest_house,,,,,,
55.9276557,-3.2084015,The Lane,hotel,,,,,,
55.9418273,-3.2083900,Fountain Court EQ2,hotel,,,,,,
55.9620981,-3.1778293,Destiny Student Murano,hotel,,,,,,
55.9523669,-3.2054204,Eden Locke,apartment,,,,,,
55.9334662,-3.2114735,Sandeman House,guest_house,,,,,,
55.9226474,-3.1482664,,information,,,,,,
55.9543561,-3.1850531,,information,,,,,,
55.9576725,-3.1823781,Welcome to London Road gardens,information,,,,,,
55.9582087,-3.1820007,Cairn Apartments,apartment,,,,,,
55.9543851,-3.1834626,Welcome to Calton Hill,information,,,,,,
55.9581332,-3.1826940,Lyncliff hotel,guest_house,,,,,,
55.9541187,-3.1850434,Welcome to Calton Hill,information,,,,,,
55.9491409,-3.2009154,One O'Clock Gun Exhibition,museum,,,,,,
55.9486118,-3.1997929,Scottish National War Memorial,information,,,,,,
55.9490669,-3.2005727,One O'Clock Gun,information,,,,,,
55.9448519,-3.1901045,Anatomical Museum,museum,,,,,,
55.9497069,-3.1960640,,viewpoint,,,,,,
55.9472745,-3.1978644,,viewpoint,,,,,,
55.9530966,-3.1816996,,viewpoint,,,,,,
55.9487484,-3.1988925,,viewpoint,,,,,,
55.9645817,-3.2070932,Lower Woodland Garden,attraction,,,,,,
55.9669851,-3.2086475,Victorian Palm House,attraction,,,,,,
55.9658667,-3.2080963,Azalea Lawn,attraction,,,,,,
55.9463875,-3.2671934,Grey Kangaroo,attraction,,,,,,
55.9447725,-3.2711980,Wee Beasties,attraction,,,,,,
55.9396580,-3.1770208,Korean hostel level 3,hostel,,,,,,
55.9355124,-3.1795392,Student Castle Edinburgh,guest_house,,,,,,
55.9466338,-3.1848483,Hinc Sanitas,artwork,,,,,,
55.9545487,-3.1930846,,artwork,,,,,,Lion
55.9538879,-3.1921653,St Andrew Square,information,,,,,,
55.9514244,-3.1953744,Relief Map,information,,,,,,
55.9757821,-3.1794748,Leith History Mural,artwork,,,,,,
55.9439427,-3.2133086,,guest_house,,,,,,
55.9551184,-3.1959417,City Stay Hostel,hostel,,,,,,
55.9668795,-3.1822251,Alloway,guest_house,,,,,,
55.9640871,-3.1789670,16 Pilrig Guest House,guest_house,,,,,,
55.9654184,-3.1805409,Antler,guest_house,,,,,,
55.9330538,-3.1359487,Dr Helen Crummy,artwork,,,,,,
55.9624073,-3.2130594,,information,,,,,,
55.9614535,-3.2147197,,information,,,,,,
55.9629207,-3.2201203,,information,,,,,,
55.9610575,-3.2191118,,information,,,,,,
55.9577256,-3.2084914,Community Notices,information,,,,,,
55.9393692,-3.1957481,PumpHouse,apartment,,,,,,
55.9687921,-3.1708077,Stuart’s house,apartment,,,,,,
55.9580743,-3.1181557,,information,,,,,,
55.9692122,-3.1885351,Redbraes Community Garden,information,,,,,,
55.9606857,-3.1925556,Claremont Guest House,guest_house,,,,,,
55.9802667,-3.1952798,Newhaven-on-Forth,information,,,,,,
55.9721153,-3.1693284,,information,,,,,,
55.9720546,-3.1693820,,artwork,,,,,,
55.9718210,-3.1695882,Plan of the Town of Leith circa 1777,information,,,,,,
55.9715790,-3.1699501,,artwork,,,,,,
55.9714281,-3.1702009,,artwork,,,,,,
55.9555913,-3.1711000,Destiny student brae house,hotel,,,,,,
55.9725775,-3.1756280,Swanfield Mill Mural,artwork,,,,,,
55.9722758,-3.1761115,Swanfield,artwork,,,,,,
55.9717859,-3.1768833,Three Swans,artwork,,,,,,
55.9717220,-3.1771629,Swan Weathervane,artwork,,,,,,
55.9679841,-3.1703513,The Leith Aquatic Mural,artwork,,,,,,
55.9685713,-3.1732851,Elph Mural,artwork,,,,,,
55.9735348,-3.1706829,Untitled Mural,artwork,,,,,,
55.9647670,-3.1745443,Wranger Rites,artwork,,,,,,
55.9453427,-3.1881301,,information,,,,,,
55.9300438,-3.1698362,Edinburgh Sixteen,guest_house,,,,,,
55.9488211,-3.2019319,,viewpoint,,,,,,
55.9742974,-3.1671575,Rooms at GPO,hotel,,,,,,
55.9578442,-3.1913540,Ingleby Gallery,gallery,,,,,,
55.9382567,-3.1931607,,information,,,,,,
55.9222086,-3.1878240,Hermitage of Braid and Blackford Hill LNR,information,,,,,,
55.9439896,-3.2036251,Tollcross Community Council,information,,,,,,
55.9205611,-3.1206872,,information,,,,,,
55.9184983,-3.1166458,,information,,,,,,
55.9231569,-3.1289729,,information,,,,,,
55.9194870,-3.2041193,,information,,,,,,information about the Community Woodland Walled Garden
55.9551377,-3.1835327,,viewpoint,,,,,,
55.9567618,-3.1807104,21212,hotel,,,,,,
55.9533597,-3.2063703,Mode,apartment,,,,,,
55.9488229,-3.1488758,Meadowfield Park,information,,,,,,
55.9551669,-3.1429482,Our Community,information,,,,,,
55.9505167,-3.1861700,Royal Mile Backpackers,hostel,,,,,,
55.9073717,-3.1749510,Badger,artwork,,,,,,
55.9078759,-3.1738866,Fox,artwork,,,,,,
55.9595493,-3.1706803,Angel wings,artwork,,,,,,
55.9681415,-3.1795027,Pilrig Park Mural,artwork,,,,,,https://www.flickr.com/photos/145426779@N06/40190780483/in/dateposted-public/
55.9405682,-3.2186584,Fountain Park Community Mural,artwork,,,,,,
55.9509652,-3.1983183,Lulla-Bye,artwork,memorial,,,,,
55.9576167,-3.1802470,,information,,,,,,
55.9573870,-3.1875707,Embassy,gallery,,,,,,
55.9263594,-3.2158273,Abraham,artwork,,,,,,
55.9444290,-3.2716248,,picnic_site,,,,,,
55.9447468,-3.2704293,Taiwan Beauty Snake,attraction,,,,,,
55.9449652,-3.2714539,Margay,attraction,,,,,,
55.9459143,-3.2711308,Lowland Nyala,attraction,,,,,,
55.9426517,-3.1909755,Meadows Mural,artwork,,,,,,
55.9491973,-3.1877569,Cluaran House,apartment,,,,,,
55.9449659,-3.1792653,The Skelf,information,,,,,,
55.9500059,-3.1898479,VisitScotland iCentre,information,,,,,,
55.9517758,-3.1971083,"New Town, Princes Street (Sràid a' Phrionnsa)",information,,,,,,
55.9499593,-3.2285392,6 TIMES GROUND,artwork,,,,,,
55.9489445,-3.2112747,,information,,,,,,
55.9719626,-3.1826019,6 TIMES LEFT,artwork,,,,,,
55.9577324,-3.2090431,6 TIMES SKY,artwork,,,,,,
55.9476313,-3.1882588,Old College,information,,,,,,
55.9401741,-3.2030058,Bruntsfield Links Golf Course,information,,,,,,
55.9400610,-3.2031082,Bruntsfield Links Golf Course,information,,,,,,
55.9480854,-3.2008805,The Royal Scots Dragoon Guards Museum,museum,,,,,,
55.9480093,-3.2001998,Dury's Battery,attraction,,,,,,
55.9277821,-3.2132059,,information,,,,,,
55.9277296,-3.2129696,,information,,,,,,
55.9407304,-3.1944563,,information,,,,,,
55.9421285,-3.1705990,,information,,,,,,
55.9657131,-3.2093667,The Permanence of Fragility,artwork,,,,,,
55.9648980,-3.2092115,The Harp to Aeolus,attraction,,,,,,
55.9668229,-3.2073715,,picnic_site,,,,,,
55.9494491,-3.1898402,CODE - THE COURT,hostel,,,,,,
55.9449166,-3.1531001,,information,,,,,,
55.9448742,-3.1529398,,information,,,,,,
55.9484351,-3.1258367,National Cycle Network Milepost,information,,,,,,
55.9488514,-3.1871784,Mono Suites,hotel,,,,,,
55.9461264,-3.1968745,The Lover's Touch,artwork,,,,,,Plaque installed during 2008 Edinburgh Festival Fringe
55.9517285,-3.1791864,The Last Chimera (1950),artwork,,,,,,
55.9229563,-3.2311302,,viewpoint,,,,,,
55.9067706,-3.2364875,Redford Wood,information,,,,,,
55.9692169,-3.1810909,Pilrig House,information,,,,,,
55.9681791,-3.1792948,Pilrig Park,information,,,,,,
55.9338104,-3.2494359,,information,,,,,,
55.9337063,-3.2494560,,information,,,,,,
55.9576148,-3.1704744,Alva House,guest_house,,,,,,
55.9611686,-3.1753010,One Allanfield,apartment,,,,,,
55.9490812,-3.1227479,,information,,,,,,
55.9719746,-3.1632592,John Rattray,artwork,,,,,,
55.9705810,-3.2783092,Diane,artwork,,,,,,
55.9446470,-3.1835888,,artwork,,,,,,
55.9485867,-3.1873776,House of Gods,hotel,,,,,,
55.9296604,-3.1977599,Canaan Park...,information,,,,,,
55.9341800,-3.1012532,Mark Carr,artwork,,,,,,
55.9693354,-3.2000859,Welcome to Warriston Cemetery,information,,,,,,
55.9680043,-3.1994328,Warriston Cemetery,information,,,,,,
55.9279408,-3.1986196,,information,,,,,,
55.9262576,-3.1568588,,artwork,,,,,,
55.9266030,-3.1553413,,information,,,,,,
55.9265847,-3.1561144,,information,,,,,,
55.9249006,-3.1621446,,information,,,,,,
55.9265157,-3.1563112,,information,,,,,,
55.9251765,-3.1632582,,information,,,,,,
55.9237611,-3.1563530,,information,,,,,,
55.9215726,-3.1547834,,information,,,,,,Welcome to Walter Scott Avenue
55.9272972,-3.1580886,,artwork,,,,,,
55.9386911,-3.2286843,Community Notice Board,information,,,,,,
55.9620955,-3.2831097,Welcome to Davidson's Mains Park,information,,,,,,
55.9645186,-3.2765436,Welcome to Davidson's Mains Park,information,,,,,,
55.9644751,-3.2763934,,information,,,,,,
55.9637004,-3.2802813,,information,,,,,,
55.9197542,-3.2499391,,information,,,,,,
55.9186346,-3.2540701,,information,,,,,,
55.9117918,-3.2597366,,information,,,,,,
55.9145618,-3.2566257,,information,,,,,,
55.9117709,-3.2600100,,information,,,,,,
55.9139634,-3.2580693,,information,,,,,,
55.9093843,-3.2286313,,information,,,,,,
55.9299583,-3.1398147,Craigmillar Castle Park,information,,,,,,
55.9509479,-3.2722199,,information,,,,,,
55.9560011,-3.2763988,,viewpoint,,,,,,
55.9573480,-3.2756907,,information,,,,,,
55.9623714,-3.2778029,Corstorphine Hill LNR,information,,,,,,
55.9467033,-3.1978999,West Port Garden,information,,,,,,
55.9325175,-3.2714421,"Stenhouse, Saughton Mains and Whitson Community Council",information,,,,,,
55.9062791,-3.2703841,,information,,,,,,
55.9066484,-3.2616574,,information,,,,,,
55.9168657,-3.2549322,,information,,,,,,
55.9060821,-3.2642838,,information,,,,,,
55.9065431,-3.2748391,,information,,,,,,
55.9518881,-3.2273640,Kolbemneblok,artwork,,,,,,
55.9507782,-3.2271472,Reclining Figure,artwork,,,,,,
55.9515483,-3.2281433,Foil,artwork,,,,,,
55.9506513,-3.2267598,Conversation with Magic Stones,artwork,,,,,,
55.9505691,-3.2262113,Untitled (Pair),artwork,,,,,,
55.9103517,-3.1486680,,information,,,,,,
55.9140949,-3.1484722,,information,,,,,,
55.9042001,-3.1469068,,information,,,,,,
55.9070295,-3.1608217,Welcome to St Catherine's Park,information,,,,,,
55.9346641,-3.2768011,,information,,,,,,
55.9137242,-3.1341828,,information,,,,,,
55.9112221,-3.1336188,Moredun Park,information,,,,,,
55.9025147,-3.1476152,,information,,,,,,
55.9505487,-3.1561359,,viewpoint,,,,,,
55.9333764,-3.0903925,Welcome to Newcraighall,information,,,,,,
55.9332339,-3.0903686,,information,,,,,,
55.9045102,-3.2060516,,artwork,,,,,,
55.9044319,-3.2058428,,artwork,,,,,,
55.9459647,-3.2323934,,information,,,,,,
55.9561951,-3.2441371,,information,,,,,,
55.9355086,-3.1384827,Peffer Place,information,,,,,,
55.9499928,-3.2075941,,artwork,,,,,,
55.9505228,-3.2786445,,information,,,,,,
55.9709776,-3.1880062,Welcome to Bonnyhaugh Lane,information,,,,,,
55.9065292,-3.1751977,Seven Acre Park,information,,,,,,
55.9297129,-3.1986094,,information,,,,,,
55.9299215,-3.1976082,,information,,,,,,
55.9298631,-3.1960942,,information,,,,,,
55.9305282,-3.1972016,,information,,,,,,
55.9278332,-3.1974290,,information,,,,,,
55.9287242,-3.1985047,,information,,,,,,
55.9279022,-3.1988603,,information,,,,,,
55.9285487,-3.2009560,,information,,,,,,
55.9285533,-3.1998361,,information,,,,,,
55.9300667,-3.1989794,,information,,,,,,
55.9176453,-3.1688315,,information,,,,,,
55.9172695,-3.1690554,,information,,,,,,
55.9198760,-3.1909851,,information,,,,,,
55.9545986,-3.2523581,,information,,,,,,
55.9588318,-3.1901275,,information,,,,,,
55.9298802,-3.1759677,,information,,,,,,
55.9545148,-3.1844411,,information,,,,,,
55.9034503,-3.2852045,,information,,,,,,
55.9749881,-3.1740634,Sheriff Bank Anchor,artwork,,,,,,
55.9782863,-3.1705316,Owheo,artwork,,,,,,
55.9210120,-3.2688645,,artwork,,,,,,
55.9750553,-3.1716827,Shore Anchor,artwork,,,,,,
55.9136416,-3.1786866,,information,,,,,,
55.9661632,-3.1758187,The Fairy Boy of Leith,artwork,,,,,,
55.9657950,-3.1763035,Twelve O'Clock Coachman,artwork,,,,,,
55.9599489,-3.1823076,Leith Soothes,artwork,,,,,,
55.9753170,-3.1664115,She's Got Some Bottle,artwork,,,,,,
55.9736760,-3.1677084,The Leith Police Dismisseth Us,artwork,,,,,,
55.9689922,-3.1727616,Underwater Scene,artwork,,,,,,
55.9470431,-3.2678962,,picnic_site,,,,,,
55.9451987,-3.2675301,Animal Antics,attraction,,,,,,Regular animal shows
55.9450260,-3.2675783,Large hairy armadillo,attraction,,,,,,
55.9449426,-3.2677728,Linne's two-toed sloth,attraction,,,,,,
55.9674523,-3.1738894,Smith Place Hotel,hotel,,,,,,
55.9341302,-3.2508273,,information,,,,,,
55.9340857,-3.2507679,,information,,,,,,
55.9343879,-3.2500756,,information,,,,,,
55.9335871,-3.2470179,,information,,,,,,
55.9330415,-3.2483134,,information,,,,,,
55.9334853,-3.2483606,Dreamer of Peace,artwork,,,,,,
55.9514650,-3.1087442,The Porty Light Box,gallery,,,,,,A red telephone box converted in 2013 into a mini gallery
55.9095147,-3.0986822,,artwork,,,,,,
55.9777315,-3.1717692,Rennie's Lock,information,,,,,,
55.9528889,-3.1956160,Premier Inn,hotel,,,,,,
55.9352918,-3.2477545,Simba Tree,artwork,,,,,,
55.9354668,-3.2477474,,information,,,,,,
55.9357986,-3.2475506,,information,,,,,,
55.9369842,-3.2487056,,information,,,,,,
55.9369605,-3.2488156,,information,,,,,,
55.9357729,-3.2519833,,information,,,,,,
55.9357470,-3.2518639,,information,,,,,,
55.9344823,-3.2499582,,information,,,,,,
55.9337375,-3.2469052,,artwork,,,,,,
55.9499725,-3.2073909,New Town - Rutland Street (Sràid Rutland),information,,,,,,
55.9739317,-3.1726864,,information,,,,,,
55.9551704,-3.1923982,Edinburgh Bus Station,information,,,,,,
55.9539754,-3.1971234,Hanover 71 Suites,hotel,,,,,,
55.9532387,-3.2144441,View over Dean Village,viewpoint,,,,,,
