41.0111805,28.9558490,Yiğitalp Oteli,hotel,,,,,,
41.0059174,28.9691511,Hotel Grand Yavuz,hotel,,,,,,
41.0120319,28.9550405,Senator Hotel,hotel,,,,,,
41.0069969,28.9813746,Mavi Guesthouse,hotel,,,,,,
41.0057000,28.9791309,Aşkin Hotel,hotel,,,,,,
41.0055340,28.9790454,Blue House Hotel,hotel,,,,,,
41.0077027,28.9775749,,information,,,,,,
41.0056628,28.9751030,Yılanlı Sütun,attraction,column,,,,,
41.0144076,28.9772190,Hürriyet,hotel,,,,,,
41.0036760,28.9787990,Anzac Woodenhouse,hostel,,,,,,
41.0077048,28.9728627,Hotel Sultanhan,hotel,,,,,,
41.0079801,28.9728926,Hotel Pierre Loti,hotel,,,,,,
41.0085416,28.9716244,Çemberlitaş Hamamı,attraction,,public_bath,turkish_bath,,,
41.0070714,28.9499738,Fuar,hotel,,,,,,
41.0073937,28.9728174,Antea,hotel,,,,,,
41.0062809,28.9692413,Hotel Aziyadé,hotel,,,,,,
41.0126588,28.9569243,Telia,hotel,,,,,,
41.0054440,28.9799884,,hotel,,,,,,
41.0056099,28.9802244,,hotel,,,,,,
41.0057719,28.9804068,,hotel,,,,,,
41.0059216,28.9805999,,hotel,,,,,,
41.0053589,28.9802244,,hotel,,,,,,
41.0055128,28.9804068,,hotel,,,,,,
41.0056666,28.9805838,Acropol,hotel,,,,,,
41.0058083,28.9807448,Sultan,hotel,,,,,,
41.0060242,28.9810101,Orient Hostel,hotel,,,,,,
41.0043453,28.9802508,Sumengen Hotel,hotel,,,,,,
41.0045357,28.9801642,Obelisk Hotel - Best Western,hotel,,,,,,
41.0034679,28.9768052,,hotel,,,,,,
41.0048066,28.9800416,Bonjour Guesthouse,guest_house,,,,,,
41.0050810,28.9802166,Bahaus Hostel,guest_house,,,,,,
41.0046865,28.9802381,Acra Hotel,hotel,,,,,,
41.0061282,28.9813913,Hotel Peninsula,hotel,,,,,,
41.0049321,28.9790616,Nobel Hostel,hotel,,,,,,
41.0060606,28.9790426,Armagrandi Spina Hotel,hotel,,,,,,
41.0056825,28.9645057,istanbul port hotel,hotel,,,,,,
41.0048484,28.9733609,stone garden house,guest_house,,,,,,
41.0035378,28.9763370,Anatolia Suites Sultanahmet,hotel,,,,,,
41.0129563,28.9772993,Hotel Sapphire,hotel,,,,,,
41.0058967,28.9813541,Tulip gesthouse,hostel,,,,,,
41.0035569,28.9801446,Ahmet Efendi Evi,hotel,,,,,,
41.0035864,28.9815742,Best Western Citadel Hotel,hotel,,,,,,
41.0060081,28.9813381,Sebnem,hotel,,,,,,
41.0086300,28.9737573,Arife Sultan Hotel,hotel,,,,,,
41.0031733,28.9745331,Sultan’s Inn,hotel,,restaurant,,,,
41.0042694,28.9774490,Büyük Saray Mozaikleri Müzesi,museum,,,,,,
41.0238356,28.9736169,Osmanlı Bankası Müzesi,museum,,,,,,
41.0121490,28.9779399,Olimpiyat Hotel,hotel,,,,,,
41.0126710,28.9780810,Romance Hotel,hotel,,,,,,
41.0123127,28.9776721,Yasmak Sultan Hotel,hotel,,,,,,
41.0242509,28.9784036,Cheers Port House,hotel,,,,,,
41.0046397,28.9677540,Istanbul Photography Museum,museum,,,,,,
41.0050264,28.9679432,Ottoman Hotel,hotel,,,,,,
41.0125967,28.9781873,Faros Hotel,hotel,,,,,,
41.0100651,28.9780687,Zeynep Sultan Hotel,hotel,,,,,,
41.0054606,28.9720080,Divas Hotel,hotel,,,,,,
41.0080564,28.9739449,Esma Old City,hostel,,,,,,
41.0055208,28.9686387,Fors Hotel,hotel,,,,,,
41.0093889,28.9724093,Sipahi Otel,hostel,,,,,,
41.0032019,28.9774013,Almina Otel,hotel,,,,,,
41.0036079,28.9790860,Antis Hotel,hotel,,,,,,
41.0042083,28.9798236,Avicenna Hotel,hotel,,,,,,
41.0044804,28.9801898,Azade Hotel,hotel,,,,,,
41.0043678,28.9789948,Divalis Hotel,hotel,,,,,,
41.0032660,28.9770966,Hotel Sphendon,hotel,,,,,,
41.0033744,28.9762497,Tashkonak Hotel,hotel,,,,,,
41.0068739,28.9736116,Hotel Arcadia Blue,hotel,,,,,,
41.0026980,28.9743832,,hotel,,,,,,
41.0028135,28.9745279,,hotel,,,,,,
41.0028924,28.9750187,,hotel,,,,,,
41.0133581,28.9777867,Turvan,hotel,,,,,,
41.0191474,28.9630482,HHK Hotel,hotel,,,,,,
41.0059433,28.9731440,Celine Hotel,hotel,,,,,,
41.0066336,28.9733489,Lausos,hotel,,,,,,
41.0075425,28.9732632,Halı Otel,hotel,,,,,,
41.0082100,28.9705233,Hotel New House,hotel,,,,,,
41.0067945,28.9710024,Golden Crown,hotel,,,,,,
41.0067744,28.9717382,Recital,hotel,,,,,,
41.0068177,28.9723459,Legend hotel overlooks to Blue Mosque,hotel,,,,,,
41.0037248,28.9712883,Bereket Apart Hotel,hotel,,,,,,
41.0030423,28.9764619,Aura Apart Hotel,hotel,,,,,,
41.0036178,28.9710104,Hotel Byzaz,hotel,,,,,,
41.0074523,28.9739702,Binbirdirek Sarnıcı,museum,,,,,,
41.0128459,28.9778377,Gulhane Corner Hotel,hotel,,,,,,
41.0070925,28.9704496,Dedem Boutique,hotel,,,,,,
41.0070849,28.9705452,Kupeli Hotel,hotel,,,,,,
41.0070836,28.9706285,Santa Sophia,hotel,,,,,,
41.0045657,28.9780948,Sultan Ahmet Palace,hotel,,,,,,
41.0050228,28.9715503,OBA HOTEL,hotel,,,,,,
41.0035353,28.9699653,Dualis Hotel,hotel,,,,,,
41.0034950,28.9705102,Best Western Antea Palace Hotel & Spa,hotel,,,,,,
41.0130358,28.9756727,Levni Hotel & SPA,hotel,,,,,,
41.0128776,28.9763285,Second Home Hostel,hostel,,,,,,
41.0045209,28.9632469,Kılınç Konuk Evi,motel,,,,,,
41.0134665,28.9771432,Kafkas Hotel İSTANBUL,hotel,,,,,,
41.0088293,28.9594517,Darkhill Hotel,hotel,,,,,,
41.0089500,28.9776340,And Otel,hotel,,,,,,
41.0142537,28.9781493,Orka Royal Hotel,hotel,,,,,,
41.0127117,28.9783286,Hotel Ottoman Luxury,hotel,,,,,,
41.0054963,28.9718029,Hotel Tulip House,hotel,,,,,,
41.0042147,28.9733340,,viewpoint,,,,,,
41.0042760,28.9799045,Romance Hotel,hotel,,,,,,
41.0045442,28.9632204,Kilinç Guest House,hotel,,,,,,
41.0051205,28.9642529,Liza Grand Hotel,hotel,,,,,,
41.0237531,28.9770357,The Haze Hotel,hotel,,,,,,
41.0065958,28.9718729,Istanbul Paris Hotel,guest_house,,,,,,
41.0059483,28.9796207,Avrasya Hostel,hostel,,,,,,
41.0056927,28.9797829,Antique Hostel,hostel,,,,,,
41.0056817,28.9786693,Halı Müzesi,museum,,,,,,
41.0030730,28.9743005,Albatros Premium Hotel,hotel,,,,,,
41.0056844,28.9698153,Carina istanbul hotel,hotel,,,,,,
41.0225208,28.9744018,"Nordstern Hotel, Galata",hotel,,,,,,
41.0171140,28.9758501,,information,,,,,,
41.0120159,28.9782063,Amisos Hotel,hotel,,,,,,
41.0128034,28.9776457,Hotel Sultania,hotel,,,,,,
41.0151322,28.9764151,Turist Bilgi Merkezi,information,,,,,,
41.0119187,28.9582329,Hotel Mosaic,hotel,,,,,,
41.0083073,28.9735183,Faros,hotel,,,,,,
41.0121574,28.9409040,,hotel,,,,,,
41.0120713,28.9405810,Ramada;Ramada Old City hotel,hotel,,,,,,
41.0125480,28.9394811,Otel Kaya,hotel,,,,,,
41.0136682,28.9372267,Golden Hill,hotel,,,,,,
41.0129963,28.9777012,Hotel Empire Palace,hotel,,,,,,
41.0103030,28.9587723,Hotel Belde,hotel,,,,,,
41.0097250,28.9548752,Hotel Sorriso,hotel,,,,,,
41.0107949,28.9585047,Metro Hotel,hotel,,,,,,
41.0031486,28.9757515,Katelya Hotel,hotel,,,,,,
41.0138630,28.9790571,Gulhanepark Hotel,hotel,,,,,,
41.0188458,28.9642821,Tuana Hotel,hotel,,,,,,
41.0097241,28.9764407,Adamar Hotel,hotel,,,,,,
41.0058436,28.9788079,Travel Information,information,,,,,,
41.0122122,28.9557373,black birde hotel,hotel,,,,,,
41.0030238,28.9793816,The LOCAL,hostel,,,,,,
41.0081102,28.9569735,Yaztur Hotel,hotel,,,,,,
41.0029112,28.9785352,Piya Hostel,hostel,,,,,,
41.0043155,28.9791577,Hotel Aslan İstanbul,hotel,,,,,,
41.0038595,28.9788778,Darussaade Istambul Hotel,hotel,,,,,,
41.0075051,28.9718416,Istanbul - Cordial House,hostel,,,,,,
41.0240157,28.9751425,Karakoy Aparts,hotel,,,,,,
41.0072090,28.9497128,Avlonya,hotel,,,,,,
41.0058733,28.9813083,Marmara Guesthouse,hotel,,,,,,
41.0082412,28.9584790,Büyük Şahinler,hotel,,,,,,
41.0067611,28.9584323,Dinar Otel,hotel,,,,,,
41.0064890,28.9592303,Antik Kugu Otel,hotel,,,,,,
41.0067211,28.9585380,Naz Otel,hotel,,,,,,
41.0031669,28.9746232,Albinas Hotel Old City,hotel,,,,,,
41.0030449,28.9746901,The Sultan Royal Hotel,hotel,,,,,,
41.0169619,28.9412043,Dosso Dossi,hotel,,,,,,
41.0185921,28.9707767,Bosphorus Tours Rejsy,attraction,,,,,,
41.0063123,28.9704556,Aslan Apartments Istanbul,hotel,,,,,,Self catered furnished apartments for rent.
41.0035371,28.9733389,Family Istanbul.,hotel,,,,,,
41.0045400,28.9731258,Rumours Inn,hotel,,,,,,
41.0117559,28.9582551,Klas,hotel,,,,,,
41.0074361,28.9707258,Vizyon City,hotel,,,,,,
41.0064216,28.9734039,World Heritage Hotel,hotel,,,,,,
41.0134770,28.9762482,Sehir Hotel,hotel,,,,,,
41.0042990,28.9821450,이페쿄루,hotel,,,,,,
41.0093130,28.9756934,White House Hotel,hotel,,,,,,
41.0027176,28.9743611,Cheers hostel,hotel,,,,,,
41.0079621,28.9543379,Hotel EPHESUS,hotel,,,,,,
41.0063149,28.9578097,The coach,hotel,,,,,,
41.0079562,28.9621129,hotel wiva,hotel,,,,,,
41.0048437,28.9655105,Loor,hotel,,,,,,
41.0174472,28.9750319,босфор паром,information,,,,,,
41.0035806,28.9784869,best2,hotel,,,,,,
41.0040547,28.9789686,best point hotel old sity,hotel,,,,,,
41.0074984,28.9654707,best western Plus the president hotel,hotel,,,,,,
41.0070433,28.9560924,,hotel,,,,,,
41.0070242,28.9540681,Мадрид,hotel,,,,,,
41.0030375,28.9733329,GLK Premier Mansion suites and spa,hotel,,,,,,
41.0102354,28.9545876,Çağyigit otel,hotel,,,,,,
41.0053692,28.9661760,ALF HOTEL,hotel,,,,,,
41.0128142,28.9481652,,artwork,,,,,,
41.0060748,28.9538729,hotel hilarium fabric,hotel,,,,,,
41.0071708,28.9622548,,hostel,,,,,,
41.0093404,28.9761601,,hostel,,,,,,
41.0100675,28.9773512,,hotel,,,,,,
41.0026760,28.9763975,,attraction,,,,,,
41.0216115,28.9447851,фатих,hotel,,,,,,
41.0104771,28.9511859,ceren,hotel,,,,,,
41.0048066,28.9805687,My room,hotel,,,,,,
41.0049312,28.9805556,,hotel,,,,,,
41.0131885,28.9470281,Otel Prima,hotel,,,,,,
41.0117268,28.9569519,,hotel,,,,,,
41.0091355,28.9754253,,hostel,,,,,,
41.0094909,28.9800290,,attraction,,,,,,
41.0056595,28.9697127,Alhambra Residence,hotel,,,,,,
41.0056839,28.9697184,Carina Hotel Istanbul,hotel,,,,,,
41.0140264,28.9688121,,attraction,,,,,,
41.0095171,28.9620210,,attraction,,,,,,
41.0132377,28.9574639,,information,,,,,,
41.0131553,28.9577097,,information,,,,,,
41.0132764,28.9576544,,information,,,,,,
41.0132588,28.9578036,,information,,,,,,
41.0111020,28.9417970,Molla Gurani Turbesi,attraction,,,,,,
41.0199539,28.9584137,,attraction,,,,,,
41.0199751,28.9582076,Mehmet Emin Tokadi Hazretleri Turbesi,information,,,,,,
41.0073893,28.9739484,Binbirdirek Sarnıcı,attraction,,,,,,
41.0093307,28.9716088,,attraction,,,,,,
41.0085148,28.9677376,,museum,,,,,,
41.0089023,28.9683154,,attraction,,,,,,
41.0085546,28.9712939,Çemberlitaş Sütunu,attraction,,,,,,
41.0125762,28.9772465,,hotel,,,,,,
41.0081624,28.9755032,,hotel,,,,,,
41.0049622,28.9648321,,hotel,,,,,,
41.0030421,28.9739155,Amira,hotel,,,,,,
41.0113492,28.9586021,,hotel,,,,,,
41.0043130,28.9662810,,hotel,,,,,,
41.0162809,28.9712566,,viewpoint,,,,,,
41.0113817,28.9408685,cuma pazar,attraction,,,,,,
41.0083680,28.9759852,Ambassador,hotel,,,,,,
41.0084093,28.9471652,Anadolu Üniversitesi Konukevi,guest_house,,,,,,
41.0083835,28.9763008,Nomade Hotel,hotel,,,,,,
41.0122973,28.9406535,,hotel,,,,,,
41.0123858,28.9398549,,picnic_site,,,,,,
41.0056566,28.9667000,,hotel,,,,,,
41.0146409,28.9856774,Gotlar Sütunu,attraction,,,,,,
41.0141259,28.9766959,,guest_house,,,,,,
41.0101095,28.9699630,Kapali Carsi,museum,,,,,,
41.0062252,28.9735469,,hotel,,,,,,
41.0037472,28.9752242,,hotel,,,,,,
41.0135357,28.9792752,,museum,,,,,,
41.0127403,28.9576562,,hotel,,,,,,
41.0071658,28.9686879,Metinhan Hotel,hotel,,,,,,
41.0090826,28.9573666,Prestige,hotel,,,,,,
41.0089115,28.9574041,Otel Sahinler,hotel,,,,,,
41.0111344,28.9554456,,hotel,,,,,,
41.0134693,28.9789835,,museum,,,,,,
41.0042518,28.9644941,,hostel,,,,,,
41.0084140,28.9734958,,hostel,,,,,,
41.0031102,28.9754473,,guest_house,,,,,,
41.0239680,28.9738671,Anna Laudel Contemporary,artwork,,,,,,
41.0238724,28.9734736,SALT Galata,museum,,,,,,
41.0086939,28.9557286,Laleli,attraction,,,,,,
41.0093456,28.9770592,,hotel,,,,,,
41.0034374,28.9723707,,hotel,,,,,,
41.0124237,28.9483491,Hotel Zakkum,hotel,,,,,,
41.0083076,28.9552707,,hotel,,,,,,
41.0073268,28.9862742,Beach,attraction,,,,,,
41.0046678,28.9753972,,artwork,,,,,,
41.0032837,28.9776071,,guest_house,,,,,,
41.0095660,28.9457203,,guest_house,,,,,,
41.0082078,28.9736166,,hostel,,,,,,
41.0025313,28.9761476,Bukoleon Sarayi Kalintilari,attraction,,,,,,
41.0087318,28.9809561,Halı Müzesi,museum,,,,,,
41.0036017,28.9787429,,attraction,,,,,,
41.0086071,28.9786695,,attraction,,,,,,
41.0069000,28.9636321,,hotel,,,,,,
41.0159910,28.9652799,,viewpoint,,,,,,
41.0085324,28.9501182,,hotel,,,,,,
41.0064037,28.9695231,,hotel,,,,,,
41.0080883,28.9755828,ترام سلطان,attraction,,,,,,
41.0127902,28.9477131,best nobel hotel,hotel,,,,,,
41.0135291,28.9375187,Golden Hill hotel,hotel,,,,,,
41.0125112,28.9396595,Kaya otel,hotel,,,,,,
41.0108741,28.9447752,Hotel erkus,hotel,,,,,,
41.0107629,28.9452768,Princes old city hotel,hotel,,,,,,
41.0160794,28.9488535,pianoforte hotel,hotel,,,,,,
41.0169030,28.9492750,Tugra hotel,hotel,,,,,,
41.0118348,28.9492912,Hotel Licus,hotel,,,,,,
41.0122210,28.9486034,city hotel,hotel,,,,,,
41.0126070,28.9483829,hotel prime,hotel,,,,,,
41.0127256,28.9480484,Romeo Hotel,hotel,,,,,,
40.9961764,28.9294256,Emre belezoglu parki,picnic_site,,,,,,
41.0103780,28.9476013,Bern Hotel,hotel,,,,,,
41.0132034,28.9408207,Green Anka Hotel,hotel,,,,,,
41.0127420,28.9401555,Golden Tahir Hotel,hotel,,,,,,
41.0127339,28.9406061,All Season hotel,hotel,,,,,,
41.0121051,28.9410550,Grand Anka Hotel,hotel,,,,,,
41.0112880,28.9476080,Grand Vatan Hotel,hotel,,,,,,
41.0116534,28.9471070,Star City hotel,hotel,,,,,,
41.0144006,28.9431792,Ottoman Life Boutique Hotel,hotel,,,,,,
41.0110068,28.9508358,Hotel Canan,hotel,,,,,,
41.0113831,28.9526441,Kaya Madrid hotel,hotel,,,,,,
41.0107269,28.9512657,Hotel Fatih,hotel,,,,,,
41.0105885,28.9512491,Hotel Ceren,hotel,,,,,,
41.0104316,28.9514436,Hotel Melita,hotel,,,,,,
41.0099641,28.9515536,Hotel Seren,hotel,,,,,,
41.0102424,28.9514449,Hotel Ümit,hotel,,,,,,
41.0099368,28.9518566,Hotel Metropol,hotel,,,,,,
41.0202268,28.9579069,Zeyrek Sarnıcı,viewpoint,,,,,,
41.0076899,28.9469244,Yalçın Hotel,hotel,,,,,,
41.0070038,28.9472526,Yüksel İstanbul Yenikapı,hotel,,,,,,
41.0071718,28.9497237,Otel Avlonya,hotel,,,,,,
41.0071718,28.9500872,Otel fuar,hotel,,,,,,
41.0069687,28.9497910,Mekke otel,hotel,,,,,,
41.0068061,28.9515411,Hotel ay istanbul,hotel,,,,,,
41.0079857,28.9515265,Baran hotel,hotel,,,,,,
41.0080815,28.9515104,Hotel tura,hotel,,,,,,
41.0081835,28.9515426,Hotel karaman,hotel,,,,,,
41.0077707,28.9502679,Grand oruç hotel,hotel,,,,,,
41.0071081,28.9502658,Otel hobby,hotel,,,,,,
41.0070045,28.9507154,The port hotel,hotel,,,,,,
41.0070245,28.9511012,Hotel bilir,hotel,,,,,,
41.0070245,28.9515004,Hotel life,hotel,,,,,,
41.0076270,28.9515536,Hotel öz villa,hotel,,,,,,
41.0076571,28.9507287,Fors Hotel,hotel,,,,,,
41.0076672,28.9490255,Hotel ümit 2,hotel,,,,,,
41.0075065,28.9489058,Alahan hotel,hotel,,,,,,
41.0075129,28.9485454,Rouge noire hotel,hotel,,,,,,
41.0074937,28.9481633,The city hotel,hotel,,,,,,
41.0076186,28.9479723,Hotel doğan,hotel,,,,,,
41.0074665,28.9500892,Günay Hotel,hotel,,,,,,
41.0078392,28.9500734,Lal Hotel,hotel,,,,,,
41.0084599,28.9500312,Esen Palas Hote,hotel,,,,,,
41.0085324,28.9500665,Hotel Nayla,hotel,,,,,,
41.0087314,28.9500509,Flamingo Hotel,hotel,,,,,,
41.0089072,28.9479091,Hotel Kayışı,hotel,,,,,,
41.0087734,28.9474782,LA GARDEN HOTEL,hotel,,,,,,
41.0086913,28.9473023,Hotel Nice,hotel,,,,,,
41.0083955,28.9464324,Hotel The Ferah,hotel,,,,,,
41.0226342,28.9311825,Natuk Baytan Parkı,picnic_site,,,,,,
41.0182141,28.9298920,ORUÇBABA TÜRBESİ parkı,picnic_site,,,,,,
41.0192249,28.9296718,Sefa Bostanı Parkı,picnic_site,,,,,,
41.0173813,28.9301418,Durah 3 Aparthotel,hotel,,,,,,
41.0043096,28.9647068,,attraction,,,,,,
41.0097241,28.9548769,Hotel Sorriso,hotel,,,,,,
41.0117751,28.9584601,Hotel Mosaic,hotel,,,,,,
41.0128483,28.9574035,Grand Hotel Gülsoy,hotel,,,,,,
41.0119794,28.9537629,Bulvar Palas Hotel,hotel,,,,,,
41.0103294,28.9537246,Falay Yavuz Hotel,hotel,,,,,,
41.0100659,28.9536992,Grand Durmaz Hotel,hotel,,,,,,
41.0099394,28.9537260,Corner Hotel,hotel,,,,,,
41.0120053,28.9566135,Hotel tokyo,hotel,,,,,,
41.0120457,28.9565706,Lyon hotel,hotel,,,,,,
41.0126367,28.9569622,Tilia hotel,hotel,,,,,,
41.0125922,28.9577347,Hamidiye hotel,hotel,,,,,,
41.0123939,28.9571768,Carlton hotel,hotel,,,,,,
41.0119466,28.9571822,Beethoven hotel,hotel,,,,,,
41.0119263,28.9575282,Grand medya hotel,hotel,,,,,,
41.0114203,28.9570239,Hotel Grand Washington,hotel,,,,,,
41.0116086,28.9560556,Liberty Hotel,hotel,,,,,,
41.0109751,28.9556801,Zagreb Hotel,hotel,,,,,,
41.0111613,28.9559135,Hotel yiğitalp,hotel,,,,,,
41.0111734,28.9561361,Hotel Hivaş,hotel,,,,,,
41.0111066,28.9568925,Elysion Hotel,hotel,,,,,,
41.0102039,28.9547896,Hotel erdem,hotel,,,,,,
41.0102009,28.9546502,Hotel çağyiğit,hotel,,,,,,
41.0108719,28.9546394,Hotel Seren-2,hotel,,,,,,
41.0112038,28.9544249,Hotel Kamer,hotel,,,,,,
41.0109629,28.9543846,Misa Hotel,hotel,,,,,,
41.0106533,28.9543605,Hotel Dowos,hotel,,,,,,
41.0099358,28.9546394,Merdan hotel,hotel,,,,,,
41.0097789,28.9546596,Hotel Kurban,hotel,,,,,,
41.0098062,28.9544396,Hotel Metrolux,hotel,,,,,,
41.0109589,28.9553180,Sultan Otel,hotel,,,,,,
41.0111451,28.9556372,Grand Laleli Hotel,hotel,,,,,,
41.0119648,28.9555728,Hotel Büyük Keban,hotel,,,,,,
41.0119688,28.9559966,Hotel Büyük Levent,hotel,,,,,,
41.0120498,28.9560288,Beyaz Kuğu Hotel,hotel,,,,,,
41.0123858,28.9561844,Hotel Büyük Şehzade,hotel,,,,,,
41.0128067,28.9565277,Hotel BüyükHamit,hotel,,,,,,
41.0121510,28.9556909,Blak Bird Hotel,hotel,,,,,,
41.0125477,28.9552402,Hotel seven Alp,hotel,,,,,,
41.0126033,28.9550887,Hotel Öncü,hotel,,,,,,
41.0123777,28.9549613,History Hotel,hotel,,,,,,
41.0123372,28.9547682,Ramada Hotel,hotel,,,,,,
41.0121662,28.9549224,Bisetun Hotel,hotel,,,,,,
41.0120316,28.9549895,Senator Hotel,hotel,,,,,,
41.0117948,28.9545751,Grand Pamir Hotel,hotel,,,,,,
41.0116410,28.9543712,Hotel Budo,hotel,,,,,,
41.0113576,28.9546126,Mirilayon Hotel,hotel,,,,,,
41.0117988,28.9541566,Birbey Hotel,hotel,,,,,,
41.0110014,28.9540386,Gözde Hotel,hotel,,,,,,
41.0110257,28.9539099,Hotel Aksaray,hotel,,,,,,
41.0109586,28.9541926,Aspalace Hotel,hotel,,,,,,
41.0109687,28.9541166,Alpin Hotel,hotel,,,,,,
41.0106998,28.9539686,The Meretto Hotel,hotel,,,,,,
41.0105088,28.9539650,Hotel Beyce,hotel,,,,,,
41.0104960,28.9541283,Hotel Grand Dilara,hotel,,,,,,
41.0104276,28.9541358,Laleli Blue Marmaray Hotel,hotel,,,,,,
41.0103883,28.9539865,Ak Hotel,hotel,,,,,,
41.0101508,28.9539898,Hotel The Niw,hotel,,,,,,
41.0101405,28.9541659,Has Hotel,hotel,,,,,,
41.0098899,28.9540474,Denizli Hotel,hotel,,,,,,
41.0097958,28.9538686,Parmada Hotel,hotel,,,,,,
41.0165000,28.9523436,Otel Sinan,hotel,,,,,,
41.0165634,28.9525917,Hotel Yeşil Park,hotel,,,,,,
41.0044189,28.9583618,,attraction,,,,,,
41.0039596,28.9302174,Kocamustafapaşa Parkı,picnic_site,,,,,,
41.0072211,28.9481169,Grand cüneyt otel,hotel,,,,,,
41.0087471,28.9489809,Hotel Orkide,hotel,,,,,,
41.0088624,28.9485256,Yıldız Düğün davet,events_venue,,,,,,
41.0080432,28.9486486,Hotel Diva,hotel,,,,,,
41.0076764,28.9491939,Hotelium,hotel,,,,,,
41.0076889,28.9493845,Sinem Otel,hotel,,,,,,
41.0078407,28.9492164,Örün Hotel,hotel,,,,,,
41.0078934,28.9492000,Hotel Best Ömer,hotel,,,,,,
41.0079459,28.9493983,Simer Hotel,hotel,,,,,,
41.0087852,28.9497263,Birinci Apartman Misafirhane,motel,,,,,,
41.0083364,28.9499394,Hotel Pamir,hotel,,,,,,
41.0082202,28.9496967,Hotel Saray,hotel,,,,,,
41.0082137,28.9491816,Yunus Hotel,hotel,,,,,,
41.0081897,28.9488387,Daylight Hotel,hotel,,,,,,
41.0144945,28.9764183,Glamour Hotel,hotel,,,,,,
41.0145153,28.9767839,Septimum,hotel,,,,,,
41.0128994,28.9785749,Sirkeci Mansion Hotel,hotel,,,,,,
41.0126559,28.9782785,Hotel Ottoman Luxury,hotel,,,,,,
41.0127755,28.9781598,Hotel Black Tulip,hotel,,,,,,
41.0127967,28.9780224,KNOW TRAVEL and HOSTEL,hostel,,,,,,
41.0128714,28.9778917,Lions Rug and kilims Art Gallery,museum,,,,,,
41.0133148,28.9776527,Harmony Hostel,hotel,,,,,,
41.0132789,28.9774370,İlkay Hotel Istanbul,hotel,,,,,,
41.0133078,28.9774059,Orient Express Hotel,hotel,,,,,,
41.0133690,28.9775931,Lalahan Hotel,hotel,,,,,,
41.0139402,28.9769408,HOTEL ŞAMİL,hotel,,,,,,
41.0140484,28.9775176,Maywood,hotel,,,,,,
41.0139806,28.9780062,Yeni Hotel,hotel,,,,,,
41.0134553,28.9782632,DoubleTree by Hilton Hotel Istanbul - Sirkeci,hotel,,,,,,
41.0137955,28.9784434,Hotellino,hotel,,,,,,
41.0138488,28.9786593,Gülhane Park Hotel,hotel,,,,,,
41.0141036,28.9781094,Hotel Amara Old City,hotel,,,,,,
41.0141514,28.9779023,Diamond Royal Hotel,hotel,,,,,,
41.0141863,28.9776464,Galata İstanbul Hotel,hotel,,,,,,
41.0142422,28.9776517,Bosphorus Old City Hotel,hotel,,,,,,
41.0145825,28.9769782,Esen Hotel Sirekeci,hotel,,,,,,
41.0145367,28.9769574,Elanaz,hotel,,,,,,
41.0144724,28.9769332,Mr. Bird,hotel,,,,,,
41.0143646,28.9769269,Sultan Hotel,hotel,,,,,,
41.0142626,28.9770485,Yıldız Hotel,hotel,,,,,,
41.0142492,28.9770953,Best Town,hotel,,,,,,
41.0142369,28.9772108,Fahri,hotel,,,,,,
41.0142292,28.9773290,Akçınar,hotel,,,,,,
41.0143786,28.9772150,Hotel Hürriyet,hotel,,,,,,
41.0145493,28.9780214,Askoç,hotel,,,,,,
41.0144901,28.9782251,Barbera boutique hotel,hotel,,,,,,
41.0147245,28.9791489,Dream Bosphorus,hotel,,,,,,
41.0145447,28.9789617,Hotel Emek,hotel,,,,,,
41.0146745,28.9789526,Golden Horn Istanbul,hotel,,,,,,
41.0140865,28.9791337,Tayahatun Hotel,hotel,,,,,,
41.0141952,28.9791557,Bosphorus Family Old City Hotel,hotel,,,,,,
41.0142932,28.9791324,Sur Pansıyon ve Host,hostel,,,,,,
41.0146015,28.9791455,Sayeban Gold,hotel,,,,,,
41.0147702,28.9793670,Meg Hotel,hotel,,,,,,
41.0147801,28.9790412,II. Abdülhamit Çeşmesi,attraction,,,,,,
41.0152694,28.9770206,İstanbul Demiryolu Müzesi,museum,,,,,,
41.0175429,28.9857457,Sarayburnu Manzarası,viewpoint,,,,,,
41.0122220,28.9777077,Yasmak Comfort,hotel,,,,,,
41.0122968,28.9777567,Olimpiyat Hotel,hotel,,,,,,
41.0123904,28.9779123,Ersu Hotel,hotel,,,,,,
41.0125645,28.9781233,Neda Hotel İstanbul,hotel,,,,,,
41.0120719,28.9781084,Amisos Hotel,hotel,,,,,,
41.0121308,28.9778831,Pamphylia Hotel,hotel,,,,,,
41.0122204,28.9776837,Hypnos Design Hotel Istanbul,hotel,,,,,,
41.0124506,28.9772619,Sude Konak Hotel,hotel,,,,,,
41.0124481,28.9772600,Raymond Hotel,hotel,,,,,,
41.0122728,28.9776232,Hotel Yaşmak Sultan,hotel,,,,,,
41.0123632,28.9776407,Sultan Spa and Wellness Center,attraction,,,,,,
41.0126607,28.9779806,Romance İstanbul Hotel,hotel,,,,,,
41.0126484,28.9773512,Hotel Sultania,hotel,,,,,,
41.0129164,28.9776720,Best Western Empire Palace,hotel,,,,,,
41.0129120,28.9776469,Hotel Empire Palace,hotel,,,,,,
41.0133562,28.9771613,Gülhane Corner Hotel,hotel,,,,,,
41.0132597,28.9770064,Best Nobel Hotel,hotel,,,,,,
41.0127469,28.9768634,Sirkeci Park Hotel İstanbul,hotel,,,,,,
41.0126100,28.9770049,Raymond Hotel,hotel,,,,,,
41.0127201,28.9774413,Hotel Gülhane,hotel,,,,,,
41.0128163,28.9773222,Le Petit Palace Hotel,hotel,,,,,,
41.0127919,28.9769998,Hotel Evsen,hotel,,,,,,
41.0128827,28.9771587,Hotel Sapphire,hotel,,,,,,
41.0128893,28.9771427,Hotel Safir,hotel,,,,,,
41.0129682,28.9771063,Konak Apart Hotel,hotel,,,,,,
41.0129966,28.9766987,Agan Hotel Sirkeci,hotel,,,,,,
41.0129712,28.9765923,Golden Horn Hotel,hotel,,,,,,
41.0133270,28.9764933,Viva Deluxe Hotel,hotel,,,,,,
41.0133284,28.9765037,Erbil Hotel,hotel,,,,,,
41.0133298,28.9765118,Asur Hotel,hotel,,,,,,
41.0131772,28.9767483,Hotel Centrum İstanbul;Hotel Centrum Istanbul,hotel,,,,,,
41.0132463,28.9769926,Just inn Hotel,hotel,,,,,,
41.0133328,28.9770719,Flower Palace Hotel,hotel,,,,,,
41.0136297,28.9770008,Seres Hotel,hotel,,,,,,
41.0136088,28.9765338,Neorion Hotel,hotel,,,,,,
41.0138992,28.9764784,old city viva hotel,hotel,,,,,,
41.0137705,28.9761386,Turvan Hotel,hotel,,,,,,
41.0135685,28.9762120,İPEK PALAS HOTEL,hotel,,,,,,
41.0135026,28.9752953,Taşkent Danışmanlık Turizm Ticaret,information,,,,,,
41.0144128,28.9754666,Eurostars Hotel Old City,hotel,,,,,,
41.0142713,28.9756894,Hodjapasta,museum,,,,,,
41.0140444,28.9756133,Tasciri Spettacolo,museum,,,,,,
41.0144077,28.9759185,Nea Suites Old City,hotel,,,,,,
41.0111434,28.9779823,Paşa Kapısı,attraction,,,,,,
41.0129061,28.9762918,Second Home Hostel,hostel,,,,,,
41.0130350,28.9759027,Viva Royal Hotel,hotel,,,,,,
41.0131167,28.9758913,Levni Hotel and Spa,hotel,,,,,,
41.0135414,28.9749689,Meserret Oteli,hotel,,,,,,
41.0087305,28.9752939,Tan Otel,hotel,,,,,,
41.0083876,28.9754892,Arsenal Hotel,hotel,,,,,,
41.0082333,28.9755490,ESRA SULTAN PETROL HOTEL,hotel,,,,,,
41.0082848,28.9761032,Hotel Million Old City,hotel,,,,,,
41.0083232,28.9761259,Istanbul Hotels Nomade,hotel,,,,,,
41.0083949,28.9758852,The Ambassador Hotel,hotel,,,,,,
41.0086121,28.9759195,Sura Design Hotel and Suites,hotel,,,,,,
41.0093402,28.9760067,Istiklal Hostel New,hostel,,,,,,
41.0087715,28.9760952,Sura Hagia Sophia Hotel and Spa,hotel,,,,,,
41.0082952,28.9772392,Ares Hotel Sultanahmet,hotel,,,,,,
41.0080019,28.9767691,Cevri Kalfa Çeşmesi,attraction,,,,,,
41.0079708,28.9770381,Star Holiday Hotel,hotel,,,,,,
41.0082703,28.9779870,Hacı Beşir Ağa Çeşmesi,attraction,,,,,,
41.0106737,28.9748388,Sunlife Oldcity,hotel,,,,,,
41.0102688,28.9759414,Albatros Hagia Sofia,hotel,,,,,,
41.0100246,28.9762716,Arden Park Hotel,hotel,,,,,,
41.0099916,28.9764162,Arden Cıty Hotel,hotel,,,,,,
41.0105750,28.9761058,Agora Life Hotel,hotel,,,,,,
41.0083338,28.9735477,Istiklal Oldcity,hotel,,,,,,
41.0086176,28.9737274,Arife Sultan Hotel,hotel,,,,,,
41.0085233,28.9771034,Özel Ayasofya Yüksek Öğrenim Erkek Öğrenci Yurdu,hostel,,,,,,
41.0086773,28.9772297,The Million Stone Hotel,hotel,,,,,,
41.0088119,28.9767656,Yousif hotel,hotel,,,,,,
41.0090445,28.9769205,Hagia Sophia Hotel İstanbul Old City,hotel,,,,,,
41.0092614,28.9768206,Sultanahmet Hotel Han,hotel,,,,,,
41.0093185,28.9767623,Kybele Hotel,hotel,,,,,,
41.0094794,28.9766302,Istanbul Queen Apart Hotel,hotel,,,,,,
41.0096102,28.9764357,Adamar Hotel,hotel,,,,,,
41.0096414,28.9765277,The Istanbul Hotel,hotel,,,,,,
41.0099142,28.9766625,Merial Hotel,hotel,,,,,,
41.0099433,28.9768569,Hotel Istanbul Inn,hotel,,,,,,
41.0100085,28.9768697,Dosso Dossi Hotels,hotel,,,,,,
41.0101742,28.9770159,Hotel Aquarium,hotel,,,,,,
41.0101099,28.9771745,Bon Hotel,hotel,,,,,,
41.0099134,28.9773395,Istanbul Violet Apartment,hotel,,,,,,
41.0097875,28.9774685,Anadolu Hotel Istanbul,hotel,,,,,,
41.0094757,28.9768753,Celal Sultan Hotel,hotel,,,,,,
41.0091563,28.9774873,The And Hotel,hotel,,,,,,
41.0095565,28.9785522,Dongyang Hotel,hotel,,,,,,
41.0103022,28.9784286,Hamidiye Çeşmesi ve Sebili,attraction,,,,,,
41.0099369,28.9780646,Zeynep Sultan,hotel,,,,,,
41.0101770,28.9777977,Modern Sultan,hotel,,,,,,
41.0101936,28.9777689,Cheers Hostel,hostel,,,,,,
41.0103515,28.9784032,Gulhane Suites,hotel,,,,,,
41.0103598,28.9781545,Minel Hotel,hotel,,,,,,
41.0104880,28.9779009,The Print House,hotel,,,,,,
41.0105403,28.9778113,Le Safran Suite,hotel,,,,,,
41.0084007,28.9737750,Faros Hotel Old City,hotel,,,,,,
41.0085701,28.9743603,Old City Hostel,hotel,,,,,,
41.0087492,28.9747120,Aldem Hotel,hotel,,,,,,
41.0087300,28.9748058,Ayasultan Hotel,hotel,,,,,,
41.0087620,28.9750558,Antusa Palace Hotel,hotel,,,,,,
41.0086193,28.9751426,Anthemis Hotel,hotel,,,,,,
41.0084963,28.9747372,Atlantis Hotel,hotel,,,,,,
41.0084000,28.9749883,Akdeniz Hotel,hotel,,,,,,
41.0099793,28.9751168,Miniature Hotel Istanbul,hotel,,,,,,
41.0101134,28.9748613,Rain Apart Hotel,hotel,,,,,,
41.0092965,28.9756627,White House Hotel Istanbul,hotel,,,,,,
41.0092823,28.9754584,Old Mile Suites,hotel,,,,,,
41.0091744,28.9742820,Aybar Hotel,hotel,,,,,,
41.0093412,28.9745718,Nowy Efendi Hotel,hotel,,,,,,
41.0091198,28.9745567,Edibe Sultan Hotel,hotel,,,,,,
41.0088693,28.9741250,Subrosa Hotel,hotel,,,,,,
41.0089442,28.9741237,Station Hostel 34,hotel,,,,,,
41.0090858,28.9740818,Great Fortune Hotel,hotel,,,,,,
41.0188796,28.9630533,Haliç kafe,hotel,,cafe,,,,
41.0184572,28.9645958,Hal hotel,hotel,,,,,,
41.0189915,28.9643383,Sea star hotel,hotel,,,,,,
41.0197107,28.9636401,Otel Pehlivanlar,hotel,,,,,,
41.0158475,28.9740487,Legacy Ottoman,hotel,,,,,,
41.0127105,28.9745342,Yazar hotel,hotel,,,,,,
41.0160045,28.9760448,Manesol hotel,hotel,,,,,,
41.0138905,28.9860012,,viewpoint,,,,,,
41.0203352,28.9613771,Monarch,hotel,,,,,,
41.0200276,28.9624071,Kaya hotel,hotel,,,,,,
41.0199456,28.9625265,Kral mert otel,hotel,,,,,,
41.0116571,28.9719397,Cesme,viewpoint,,,,,,
41.0161663,28.9726210,İş Bankası Müzesi,museum,,,,,,
41.0057268,28.9376342,Cagri hotel,hotel,,,,,,
41.0074958,28.9577079,Hotel emg,hotel,,,,,,
41.0078601,28.9587379,Nanda hotel,hotel,,,,,,
41.0085078,28.9602828,Bekdas hotel,hotel,,,,,,
41.0087993,28.9608407,Akgun hotel,hotel,,,,,,
41.0079816,28.9631367,Momento hotel,hotel,,,,,,
41.0079006,28.9634156,Karasu hotel,hotel,,,,,,
41.0082002,28.9636946,Grand beyazit,hotel,,,,,,
41.0082892,28.9636087,Golden rain,hotel,,,,,,
41.0083135,28.9634800,Newport hotel,hotel,,,,,,
41.0088398,28.9627719,Antik hotel,hotel,,,,,,
41.0085159,28.9631581,Viore hotel,hotel,,,,,,
41.0081435,28.9643383,Nezih hotel,hotel,,,,,,
41.0078440,28.9645958,Piran hotel,hotel,,,,,,
41.0078197,28.9646816,Embol hotel,hotel,,,,,,
41.0079249,28.9647245,Hotel,hotel,,,,,,
41.0079978,28.9647889,Hotel Niles,hotel,,,,,,
41.0080706,28.9650249,Ercyis hotel,hotel,,,,,,
41.0083054,28.9647675,Hotel evin,hotel,,,,,,
41.0084350,28.9649820,Comfort hotel,hotel,,,,,,
41.0086779,28.9648962,Sarajevo,hotel,,,,,,
41.0088398,28.9648318,Hotel balin,hotel,,cafe,,,,
41.0082811,28.9658403,Grand Rosa hotel,hotel,,,,,,
41.0092284,28.9644241,Beyazsaray hotel,hotel,,,,,,
41.0092446,28.9632654,Embirum hotel,hotel,,,,,,
41.0093174,28.9628577,Sky kamer hotel,hotel,,,,,,
41.0094470,28.9607978,Kent hotel,hotel,,,,,,
41.0090827,28.9575148,Montinegro hotel,hotel,,,,,,
41.0087669,28.9588881,Gold hotel,hotel,,,,,,
41.0081192,28.9587593,Venera hotel,hotel,,,,,,
41.0081840,28.9587808,Yoksel hotel,hotel,,,,,,
41.0082002,28.9584374,Buyuk sehinler hotel,hotel,,,,,,
41.0081597,28.9582658,Nida hotel,hotel,,,,,,
41.0081273,28.9568496,Yaztor hotel,hotel,,,,,,
41.0075363,28.9563560,Hotel oral,hotel,,,,,,
41.0110348,28.9579156,Laleli Günen Hotel,hotel,,,,,,
41.0109467,28.9580145,Hotel Berlin,hotel,,,,,,
41.0117128,28.9582972,Hotel Zurich,hotel,,,,,,
41.0118481,28.9586709,Hotel Hikmet,hotel,,,,,,
41.0109581,28.9592385,Hotel Reşitpaşa,hotel,,,,,,
41.0108654,28.9592327,Hotel Visa,hotel,,,,,,
41.0112665,28.9583032,Hotel Mati,hotel,,,,,,
41.0117065,28.9584813,Hotel Klas,hotel,,,,,,
41.0114035,28.9584732,Orhan Hotel,hotel,,,,,,
41.0110351,28.9580097,Polanin Hotel,hotel,,,,,,
41.0109489,28.9581008,Hotel Özsa,hotel,,,,,,
41.0110428,28.9581558,Maycan Hotel,hotel,,,,,,
41.0109523,28.9585921,Hotel Kaya,hotel,,,,,,
41.0110756,28.9584731,Hotel Falcon,hotel,,,,,,
41.0109508,28.9588733,Genova Hotel,hotel,,,,,,
41.0099458,28.9615545,Beyazıt Türk Hamam Kültürü Müzesi,museum,,,,,,
41.0099213,28.9575143,Crowne Plaza - İstanbul Old City,hotel,,,,,,
41.0103664,28.9575186,Hotel Pisa,hotel,,,,,,
41.0104696,28.9574838,Hotel Keçik,hotel,,,,,,
41.0112476,28.9584628,Bosna Hotel,hotel,,,,,,
41.0104960,28.9584514,Metrohill hotel,hotel,,,,,,
41.0102784,28.9589012,Hotel Belde,hotel,,,,,,
41.0103617,28.9582364,Hotel Eyfel,hotel,,,,,,
41.0107439,28.9586355,Metro Hotel,hotel,,,,,,
41.0106343,28.9588411,Samir Hotel,hotel,,,,,,
41.0107209,28.9579948,Hotel Süreyya,hotel,,,,,,
41.0124428,28.9674257,Örücüler Hamamı Turkish Bath and Sauna,attraction,,,,,,
41.0079864,28.9532399,Ebru hotel,hotel,,,,,,
41.0075834,28.9530412,Hotelium,hotel,,,,,,
41.0076115,28.9532399,Hotel özbek,hotel,,,,,,
41.0077058,28.9528428,Konuklar hotel,hotel,,,,,,
41.0077058,28.9527624,Pluton hotel,hotel,,,,,,
41.0075692,28.9518452,Hotel comfort,hotel,,,,,,
41.0076249,28.9516731,Otel hakan,hotel,,,,,,
41.0075536,28.9516608,Hotel akkuş,hotel,,,,,,
41.0079652,28.9516608,Prens hotel,hotel,,,,,,
41.0085784,28.9516163,Hotel real life,hotel,,,,,,
41.0082676,28.9517053,Hotel ender,hotel,,,,,,
41.0082676,28.9518834,Hotel metropoli,hotel,,,,,,
41.0081947,28.9525959,Hotel bilal,hotel,,,,,,
41.0083096,28.9527295,Hotel palarmo,hotel,,,,,,
41.0086301,28.9531219,Imga hotel,hotel,,,,,,
41.0089607,28.9525138,Hotel grand ömer,hotel,,,,,,
41.0048552,28.9469524,Erciyes hotel,hotel,,,,,,
40.9979229,28.9485444,Yenikapı Piknik Alanı,picnic_site,,,,,,
41.0037778,28.9529809,Hotel sur 2,hotel,,,,,,
41.0080632,28.9524263,Hotel ova,hotel,,,,,,
41.0073576,28.9525706,Fly hotel,hotel,,,,,,
41.0074449,28.9524644,Pelican house otel,hotel,,,,,,
41.0073013,28.9524752,Prens hotel,hotel,,,,,,
41.0065628,28.9530254,Hotel akyıldız,hotel,,,,,,
41.0066555,28.9533890,Marmara place hotel,hotel,,,,,,
41.0070211,28.9528922,Grand ant,hotel,,,,,,
41.0070211,28.9525941,Hotel adler,hotel,,,,,,
41.0073772,28.9516750,Hotel grand istanbul,hotel,,,,,,
41.0072368,28.9561862,Grand Madrid Hotel,hotel,,,,,,
41.0073927,28.9561709,Tanin Hotel,hotel,,,,,,
41.0082254,28.9572180,Büyük Paris Hotel,hotel,,,,,,
41.0082422,28.9570054,Malkoç Hotel,hotel,,,,,,
41.0088485,28.9574904,Hotel Sahinler,hotel,,,,,,
41.0090578,28.9574381,Prestige Hotel,hotel,,,,,,
41.0091917,28.9573802,Martinenz Hotel,hotel,,,,,,
41.0093477,28.9559227,The Time Hotel Old City,hotel,,,,,,
41.0093067,28.9546993,Eskar Hotel,hotel,,,,,,
41.0092691,28.9550853,Amethyst Hotel,hotel,,,,,,
41.0091447,28.9547529,River Hotel,hotel,,,,,,
41.0086632,28.9538076,Istanbul Trend Hotel,hotel,,,,,,
41.0077516,28.9538624,Hotel Arsemia,hotel,,,,,,
41.0174848,28.9503546,Otel Erciyes,hotel,,,,,,
41.0177607,28.9512539,Fatih reşadiye hotel,hotel,,,,,,
41.0202032,28.9483965,Güven Otel,hotel,,,,,,
41.0052914,28.9741679,otel spectra,hotel,,,,,,
41.0051375,28.9740006,Saba hotel,hotel,,,,,,
41.0048846,28.9737202,Sultan house hotel,hotel,,,,,,
41.0049710,28.9730364,Daphne hotel,hotel,,,,,,
41.0050209,28.9727549,Stone hotel,hotel,,,,,,
41.0050424,28.9726405,Otto hotel,hotel,,,,,,
41.0054658,28.9719919,Divas hotel,hotel,,,,,,
41.0071513,28.9709428,Grand naki,hotel,,,,,,
41.0073194,28.9715123,Miman Hotel,hotel,,,,,,
41.0073545,28.9712333,Leyenda hotel,hotel,,,,,,
41.0074597,28.9710705,Hotel California,hotel,,,,,,
41.0070798,28.9709570,Grand naki,hotel,,,,,,
41.0070555,28.9710634,Golden crown hotel,hotel,,,,,,
41.0066186,28.9717889,Paris hotel,hotel,,,,,,
41.0067715,28.9716832,Recital hotel,hotel,,,,,,
41.0070693,28.9714443,İnnova,hotel,,,,,,
41.0063073,28.9713214,İstanbul comfort hotel,hotel,,,,,,
41.0061325,28.9713407,Blue istanbul hotel,hotel,,,,,,
41.0052794,28.9733215,Ferman sultan hotel,hotel,,,,,,
41.0074938,28.9740907,Binbirdirek sarancı,museum,,,,,,
41.0072219,28.9737575,Gloden Horn Hotel,hotel,,,,,,
41.0062218,28.9746583,Türk ve İslam Eserleri Müzesi,museum,,,,,,
41.0059010,28.9743070,Hotel turkoman,hotel,,,,,,
41.0059315,28.9741769,İbrahim Paşa Otel,hotel,,,,,,
41.0062153,28.9735853,Lady diana hotel,hotel,,,,,,
41.0063857,28.9733952,Heritage hotel,hotel,,,,,,
41.0065990,28.9731854,Lausos hotel,hotel,,,,,,
41.0066736,28.9733019,Sultan park hotel,hotel,,,,,,
41.0073411,28.9732306,Burçkin hotel,hotel,,,,,,
41.0075207,28.9731859,Hotel halı,hotel,,,,,,
41.0078444,28.9735074,Travel Tips Turkey,information,,,,,,"Travel Tips Turkey is focused on offering travel managements of the most outstanding quality, consolidating our vitality and excitement, with our years of involvement in the business."
41.0079250,28.9733347,Hotel nena,hotel,,,,,,
41.0080261,28.9733645,Rast hotel,hotel,,,,,,
41.0079250,28.9728883,Pierre loti hotel,hotel,,,,,,
41.0076330,28.9727841,Hotel sultanhan,hotel,,,,,,
41.0073523,28.9727544,Antea hotel,hotel,,,,,,
41.0070197,28.9727638,Mina Hotel,hotel,,,,,,
41.0070280,28.9725428,Güleç hotel,hotel,,,,,,
41.0077063,28.9716554,Newport hotel,hotel,,,,,,
41.0076739,28.9715910,Aprilis hotel,hotel,,,,,,
41.0070183,28.9722166,Peyk Hotel,hotel,,,,,,
41.0070007,28.9721453,Üçleç hotel,hotel,,,,,,
41.0068446,28.9723549,Hidden Garden Sultanat,hotel,,restaurant,,,,
41.0058756,28.9734126,Perula hotel,hotel,,,,,,
41.0055801,28.9746465,Optimist hotel,hotel,,,,,,
41.0055022,28.9745691,Hotel alzer,hotel,,,,,,
41.0083904,28.9460407,Hotel Grand Ümit,hotel,,,,,,
41.0085587,28.9466077,Alfa Hotel,hotel,,,,,,
41.0090196,28.9478774,Hotel La White,hotel,,,,,,
41.0114341,28.9406477,Realstar Hotel,hotel,,,,,,
41.0092312,28.9479764,فندق كلاس,hotel,,,,,,
41.0083230,28.9456912,YAD Hotel,hotel,,,,,,
41.0050548,28.9791307,Charm hotel,hotel,,,,,,
41.0037310,28.9792138,Apple Tree Hotel,hotel,,,,,,
41.0038372,28.9794298,Kaftan Hotel,hotel,,,,,,
41.0044068,28.9800292,Historia Hotel,hotel,,,,,,
41.0040862,28.9797798,Ferman Hotel,hotel,,,,,,
41.0061447,28.9811692,Hotel Gül Sultan,hotel,,,,,,
41.0058502,28.9808057,Sultan Hostel,hostel,,,,,,
41.0054191,28.9802532,Hotel Zeugma,hotel,,,,,,
41.0055254,28.9800735,Magnaura House Hotel,hotel,,,,,,
41.0057278,28.9803591,Millennium Suites,hotel,,,,,,
41.0061840,28.9809281,Star Hotel İstanbul,hotel,,,,,,
41.0060294,28.9810042,Orient hostel,hostel,,,,,,
41.0055274,28.9804141,Byzantium Hotel,hotel,,,,,,
41.0056387,28.9802223,GLK PREMIER Regency Suites,hotel,,,,,,
41.0051398,28.9799112,Hotel Broken Column,hotel,,,,,,
41.0057936,28.9804289,Sentatus Hotel,hotel,,,,,,
41.0056701,28.9806207,GLK PREMIER Acropol Suites,hotel,,,,,,
41.0097481,28.9788317,Merih Hotel,hotel,,,,,,
41.0130407,28.9789410,İslam bilim ve teknoloji tarihi müzesi,museum,,,,,,
41.0140605,28.9792998,Romantic apart hotel,hotel,,restaurant,,,,
41.0065445,28.9794284,Med Cezir Hotel,hotel,,,,,,
41.0063792,28.9796936,Seven Hills Hotel,hotel,,,,,,
41.0058604,28.9790569,Armagrandi spina,hotel,,,,,,
41.0056843,28.9791119,Aristocrat Hotel,hotel,,,,,,
41.0056013,28.9789671,Blue House Hotel,hotel,,,,,,
41.0065968,28.9802384,Four Seasons Hotel,hotel,,,,,,
41.0061842,28.9794847,Hotel Uyan,hotel,,,,,,
41.0061741,28.9796644,Park Hotel,hotel,,,,,,
41.0056660,28.9795625,Yakamoz Guesthouse,guest_house,,,,,,
41.0055972,28.9794901,Cosmopolitan Park Hotel,hotel,,,,,,
41.0055446,28.9794257,Cem Sultan Hotel,hotel,,,,,,
41.0056863,28.9797637,Antique Hostel,hostel,,,,,,
41.0069402,28.9813020,Best Island Hotel,hotel,,,,,,
41.0059089,28.9800614,Terace Guesthouse,guest_house,,,,,,
41.0054697,28.9791897,Aşkın Hotel,hotel,,,,,,
41.0054960,28.9793426,The Magnaura Palace,hotel,,,,,,
41.0052271,28.9802246,Big apple hotel,hotel,,,,,,
41.0051592,28.9803563,Osman han hotel,hotel,,,,,,
41.0051007,28.9802422,Bahaus hostel,hotel,,,,,,
41.0049256,28.9805494,Amiral palace hotel,hotel,,,,,,
41.0075334,28.9549672,Dekor Hotel,hotel,,,,,,
41.0076103,28.9554244,Grand Asiyan Hotel,hotel,,,,,,
41.0075880,28.9557222,Grand Ons Hotel,hotel,,,,,,
41.0076042,28.9555853,Yalta Hotel,hotel,,,,,,
41.0076125,28.9549588,Dal Hotel,hotel,,,,,,
41.0086616,28.9566620,Hotel Genova,hotel,,,,,,
41.0092899,28.9561405,Hotel Kalkan,hotel,,,,,,
41.0083259,28.9564796,Karven Hotel,hotel,,,,,,
41.0082790,28.9557341,Mozart Hotel,hotel,,,,,,
41.0082746,28.9552223,Emin Hotel,hotel,,,,,,
41.0082842,28.9550280,Art Hotel,hotel,,,,,,
41.0084069,28.9541371,Saray Hotel,hotel,,,,,,
41.0081556,28.9540110,The Moon Hotel,hotel,,,,,,
41.0085048,28.9541427,Hotel Bosfor,hotel,,,,,,
41.0087276,28.9541622,Vert Hotel,hotel,,,,,,
41.0100500,28.9631808,Türk Vakıf Hat Sanatları Müzesi,museum,,,,,,
41.0105435,28.9761932,,viewpoint,,,,,,
41.0088812,28.9540625,Basra Hotel,hotel,,,,,,
41.0088350,28.9543388,Grand Gara Hotel,hotel,,,,,,
41.0089621,28.9543931,Hotel Boulevard,hotel,,,,,,
41.0088069,28.9546875,Hotel Rio,hotel,,,,,,
41.0091646,28.9553400,Hotel Polatdemir Istanbul,hotel,,,,,,
41.0086072,28.9547591,Istanbul Royal Hotel,hotel,,,,,,
41.0083338,28.9548952,Nobel Hotel,hotel,,,,,,
41.0079913,28.9546900,Aspen Hotel,hotel,,,,,,
41.0078813,28.9545810,Ahi Hotel,hotel,,,,,,
41.0079598,28.9543739,Hotel Ephesus,hotel,,,,,,
41.0078443,28.9542888,Delta Hotel Istanbul;Hotel DELTA,hotel,,,,,,
41.0061275,28.9792943,Seven Dreams Hotel,hotel,,,,,,
41.0132935,28.9435009,7 salah 7,hostel,,,,,,
41.0074971,28.9573871,Erden Sarayevo hotel,hotel,,,,,,
41.0134944,28.9490381,,hostel,,,,,,
41.0060712,28.9814758,Hotel Alp Guesthouse,hotel,,,,,,
41.0139736,28.9762417,Sirinpalace,hotel,,,,,,
41.0139144,28.9762990,Sirinpalace,hotel,,,,,,
41.0037869,28.9719241,ميتي,hotel,,,,,,
41.0178000,28.9439448,Berr Hotel,hotel,,,,,,
41.0217317,28.9447439,Fatih hotel,hotel,,,,,,
41.0168949,28.9413518,Dosso dossi hotel,hotel,,,,,,
41.0165952,28.9685438,Tahtakale Vakıf İş Hanı,motel,,,,,,
41.0165849,28.9686792,Küçük Aktar Hanı,motel,,,,,,
41.0162819,28.9690573,Pir Han,motel,,,,,,
41.0169034,28.9686267,Ersoy Han,motel,,,,,,
41.0171460,28.9688174,Üçler Han,motel,,,,,,
41.0151150,28.9691167,Bizim Han,motel,,,,,,
41.0033885,28.9760136,Emine Sultan Hotel,hotel,,,,,,
41.0040323,28.9754416,Sarnıç Hotel,hotel,,,,,,
41.0051858,28.9743891,Marmara Üniversitesi Cumhuriyet Müzesi ve Sanat Galerisi,museum,,,,,,
41.0049596,28.9739331,İstanbul Cumhuriyet Eğitim Müzesi,museum,,,,,,
41.0053399,28.9719388,Sultan Palace Hotel,hotel,,,,,,
41.0054528,28.9717900,Four Doors Hotel Istanbul,hotel,,,,,,
41.0055423,28.9717323,Art City Hotel,hotel,,,,,,
41.0056731,28.9705528,Ala House Apart Hotel,motel,,,,,,
41.0053462,28.9704173,Huxley Hotel Old City,hotel,,,,,,
41.0041261,28.9691668,Sıltans Hotel,hotel,,,,,,
41.0047935,28.9730399,Dom Hotel,hotel,,,,,,
41.0044497,28.9727964,Arena Hotel,hotel,,,,,,
41.0045342,28.9728326,Dara Otel,hotel,,,,,,
41.0042570,28.9722473,Aleph Hotel,hotel,,,,,,
41.0041827,28.9724159,Sultanahmet Çeşme Hotel,hotel,,,,,,
41.0041717,28.9727853,Ayasofya Hotel,hotel,,,,,,
41.0040639,28.9729699,Sultan Ahmet Sweit,motel,,,,,,
41.0039995,28.9725582,Garden House Hotel,hotel,,,,,,
41.0040097,28.9727044,Rose Garden Suites,hotel,,,,,,
41.0038578,28.9725280,Sokullu Paşa Hotel,hotel,,,,,,
41.0039104,28.9727138,Bachos Hotel,hotel,,,,,,
41.0038173,28.9727272,Ancient Town Hotel,motel,,,,,,
41.0038042,28.9729284,Serenity Hotel,hotel,,,,,,
41.0037496,28.9731309,Alice Ottoman Palace,hotel,,,,,,
41.0033521,28.9753415,Aren Suites,motel,,,,,,
41.0032773,28.9752013,Peteks Hotel,hotel,,,,,,
41.0032292,28.9752463,Dos Hermanos Hotel,motel,,,,,,
41.0028916,28.9750041,Artefes Hotel,hotel,,,,,,
41.0028096,28.9745516,Mari Time Hotel,hotel,,,,,,
41.0026689,28.9747897,Seatanbul Apart,motel,,,,,,
41.0026709,28.9745831,Bucoleon Palace Hotel,hotel,,,,,,
41.0026917,28.9743022,Cheers Lighthouse,hotel,,,,,,
41.0027117,28.9740915,Deniz Houses Hotel,hotel,,,,,,
41.0026860,28.9744168,Arven Boutique Hotel,motel,,,,,,
41.0030347,28.9743095,Albatros,hotel,,,,,,
41.0030279,28.9741251,Ekim Apart,motel,,,,,,
41.0030346,28.9746871,Sultans Royal Hotel,hotel,,,,,,
41.0031646,28.9746656,Asmalı hotel,hotel,,,,,,
41.0030155,28.9750204,Blue Mosque Apart,motel,,,,,,
41.0031945,28.9709414,Merot Suites,motel,,,,,,
41.0033910,28.9699037,Walton Hotel,hotel,,,,,,
41.0033191,28.9696153,Saruhan Hotel,hotel,,,,,,
41.0032737,28.9693209,Turkuaz Hotel,hotel,,,,,,
41.0037234,28.9698400,Dualis Otel,hotel,,,,,,
41.0039189,28.9694980,Osman Aga Houses,motel,,,,,,
41.0040899,28.9693075,Three Floor Apartments,motel,,,,,,
41.0032434,28.9731525,Holiday Time Hotel,hotel,,,,,,
41.0032069,28.9735977,Pasha Hotel,hotel,,,,,,
41.0026208,28.9732292,Siesta Hotel,hotel,,,,,,
41.0026783,28.9736032,Harmony Hotel İstanbul,hotel,,,,,,
41.0027319,28.9738145,Nova Roma Hotel,hotel,,,,,,
41.0027522,28.9736482,Walnut Shell Hotel,hotel,,,,,,
41.0029617,28.9736456,Sefa Hotel,hotel,,,,,,
41.0030639,28.9739526,Hotel Amira Istanbul,hotel,,,,,,
41.0033281,28.9737770,Hotel Rose Bouquets,hotel,,,,,,
41.0035953,28.9740775,Hotel Coliseum Istanbul,hotel,,,,,,
41.0034637,28.9738012,Erguvan Hotel,hotel,,,,,,
41.0035080,28.9733315,Family Istanbul,hotel,,,,,,
41.0034588,28.9723766,Mete Apartments,guest_house,,,,,,
41.0037693,28.9716473,Magnificent Hotel,motel,,,,,,
41.0041218,28.9715775,Ast Group Hotel,motel,,,,,,
41.0045256,28.9712307,Santa Sophia Apart,motel,,,,,,
41.0049786,28.9703451,Ercan Inn Hotel,motel,,,,,,
41.0049941,28.9701915,Sultanahmet Suites,hotel,,,,,,
41.0029549,28.9759780,GLK Premier Sea Mansion,motel,,,,,,
41.0030338,28.9762911,Ekim Apartments,motel,,,,,,
41.0029245,28.9762911,Sur Hotel,hotel,,,,,,
41.0031340,28.9755238,Antique Hotel İstanbul,hotel,,,,,,
41.0030956,28.9757732,Katelya Hotel,hotel,,,,,,
41.0033872,28.9755373,Hotel Buhara Family,hotel,,,,,,
41.0035162,28.9757671,Stanpoli Hostel,hotel,,,,,,
41.0037731,28.9752509,Istanbul Holiday Hotel,hotel,,,,,,
41.0036592,28.9756544,Q Hotel,hotel,,,,,,
41.0035298,28.9753540,Abella Hotel,hotel,,,,,,
41.0033380,28.9746392,Sultan Mehmed Hotel,hotel,,,,,,
41.0035955,28.9747252,Eresin Crown Hotel,hotel,,,,,,
41.0033885,28.9738051,Hotel Rose Bouquets,hotel,,,,,,
41.0032028,28.9722446,Elite Hotel,motel,,,,,,
41.0034498,28.9723556,Adasultan Hotel,hotel,,,,,,
41.0033542,28.9723007,Antik Konak Otel,hotel,,,,,,
41.0031805,28.9720795,Mehmet Efendi Çeşmesi,attraction,,,,,,
41.0030429,28.9725515,Çoğalzade Rüstem Paşa Çeşmesi,attraction,,,,,,
41.0032446,28.9716669,Mataracı Konak,motel,,,,,,
41.0033441,28.9714566,Pera Sultan House,hotel,,,,,,
41.0032024,28.9714137,Yacht House,hotel,,,,,,
41.0111833,28.9731253,Ottoman Hotel Cagaloglu,hotel,,,,,,
41.0108004,28.9732131,Ottoman Aydinlar Hotel,hotel,,,,,,
41.0105966,28.9731818,Pera Spa,attraction,,,,,,
41.0098095,28.9716576,Vault karakoy,hotel,,,,,,
41.0098702,28.9729768,Fer Hotel,hotel,,,,,,
41.0092365,28.9724429,Sipahi Hotel,hotel,,,,,,
41.0085619,28.9722162,Türkiye Gazeteciler Cemiyeti Basın Müzesi,museum,,,,,,
41.0085018,28.9725827,Sultan II. Mahmut Türbesi,attraction,,,,,,
41.0050907,28.9644947,Hotel Grand Mark,hotel,,,,,,
41.0050223,28.9647246,Skalion,hotel,,,,,,
41.0048231,28.9656257,Ciwan Hotel,hotel,,,,,,
41.0048062,28.9656803,Loor Hotel,hotel,,,,,,
41.0055560,28.9666627,Gedikpaşa Konağı,hotel,,,,,,
41.0064937,28.9671207,Beyazit Han Suites,motel,,,,,,
41.0071915,28.9686580,Metin Han,motel,,,,,,
41.0086690,28.9679366,Merzifonlu Kara Mustafa Paşa Medresesi,attraction,,,,,,
41.0087410,28.9676140,Yahya Kemal Museum,museum,,,,,,
41.0082312,28.9659033,Alpinn Hotel,hotel,,,,,,
41.0077596,28.9657799,The President Hotel,hotel,,,,,,
41.0063665,28.9650794,Harran Hotel,hotel,,,,,,
41.0061806,28.9650190,Kestrel Park Hotel,hotel,,,,,,
41.0055779,28.9647153,Hotel Beyazsaray,hotel,,,,,,
41.0090978,28.9682772,Çorlulu Alipaşa Madresesi,attraction,,,,,,
41.0079093,28.9677851,Divani Ali Hotel,hotel,,,,,,
41.0077648,28.9678025,Bizim Otel,hotel,,,,,,
41.0084387,28.9669267,Hotel Padova,hotel,,,,,,
41.0050603,28.9653709,Historial Hotel,motel,,,,,,
41.0051920,28.9652484,Hotel Yasmin,hotel,,,,,,
41.0055308,28.9654697,May Hotel,hotel,,,,,,
41.0053595,28.9661475,Doppio Hotel,hotel,,,,,,
41.0071413,28.9670057,Obansuites,motel,,,,,,
41.0069285,28.9677415,Coşkun Han,motel,,,,,,
41.0070122,28.9659061,Grand Bazaar Hotel,hotel,,,,,,
41.0069657,28.9656799,Enderun Hotel,hotel,,,,,,
41.0111788,28.9688911,Zincirli Han,motel,,,,,,
41.0115319,28.9688073,Imam Ali Han,motel,,,,,,
41.0199744,28.9635008,golden ottoman hotel,hotel,,,,,,
41.0043267,28.9754045,Yunus Emre Hotel,hotel,,,,,,
41.0050698,28.9657913,,guest_house,,,,,,
41.0056114,28.9544207,Umit İstanbul otel,hotel,,,,,,
41.0062517,28.9693821,grand yavuz,apartment,,,,,,
41.0120391,28.9580821,Mozaic hotel,viewpoint,,,,,,
41.0070366,28.9709135,,hotel,,,,,,
41.0065445,28.9548669,Marmaryn hotel,hotel,,,,,,
41.0062139,28.9543193,فندق مهند وعلي,hotel,,,,,,
41.0216909,28.9619054,EYÜP SULTAN LOKUMCUSU,artwork,,,,,,
41.0097422,28.9680429,,attraction,,,,,,
41.0145599,28.9837309,,artwork,,,,,,
41.0099419,28.9788478,The Empress Theodora,hotel,,,,,,
41.0055728,28.9639646,Altun,hotel,,,,,,
41.0041463,28.9745769,Sphendon Duvari,information,,,,,,
41.0203173,28.9625044,,hotel,,,,,,
41.0144042,28.9557767,,attraction,,,,,,
41.0037286,28.9620343,Istasyon park hotel,hotel,,,,,,
41.0085541,28.9658557,Grand Rosa Hotel,hotel,,,,,,
41.0130724,28.9769316,Ağan hotel,hotel,,,,,,
41.0235840,28.9744386,Vault Karaköy,hotel,,,,,,
41.0054756,28.9720099,Divas Silver,hotel,,,,,,
41.0122168,28.9567370,,hotel,,,,,,
41.0124605,28.9571946,,hotel,,,,,,
41.0124745,28.9572043,,hotel,,,,,,
41.0144496,28.9414471,,caravan_site,,,,,,
41.0069900,28.9669460,Oben suite,apartment,,,,,,
41.0057513,28.9709912,Carvan Hotel,hotel,,,,,,
41.0018646,28.9331468,Surp Kevork Kilisesi,attraction,yes,place_of_worship,,christian,,
41.0078369,28.9734970,Turkey Tours and Travel,information,,,,,,"As Turkey & Tours Travel, we mostly provide private Turkey tours, Turkey tour packages, tailor-made Turkey tour options to our customers for them to discover Turkey."
41.0012023,28.9736850,,viewpoint,,,,,,
41.0037425,28.9691534,Kupeli,hotel,,,,,,
41.0197989,28.9725249,,viewpoint,,,,,,great view
41.0241108,28.9748222,Aston hotels,hotel,,,,,,
41.0194960,28.9732748,,viewpoint,,,,,,great view
41.0129663,28.9749876,Ipek Serigrafi,artwork,,,,,,
41.0167611,28.9706369,,attraction,,,,,,
41.0198081,28.9618756,My Boutique Hotel,hotel,,,,,,
41.0121485,28.9573543,Hotel Vicenza,hotel,,,,,,
41.0054043,28.9639699,Dolphin,hotel,,,,,,
41.0108105,28.9581564,,apartment,,,,,,
41.0104858,28.9462286,faza,hotel,,,,,,
41.0073531,28.9527623,,viewpoint,,,,,,
41.0084344,28.9586904,Buyuk sahinler,hotel,,,,,,
41.0229254,28.9764785,Ada,hotel,,,,,,
41.0047278,28.9795345,Nobel hostel,apartment,,,,,,
41.0059105,28.9542917,Grand Unal Hotel,hotel,,,,,,
41.0062401,28.9805895,Berk Guesthouse - Grandma's House,hotel,,,,,,
41.0073956,28.9783809,,attraction,,,,,,
41.0088472,28.9595364,Darkhill,hotel,,,,,,
41.0186388,28.9708718,,attraction,,,,,,
41.0131761,28.9406887,,hotel,,,,,,
41.0103588,28.9587956,,hotel,,,,,,
41.0136984,28.9684574,,attraction,,,,,,
41.0138250,28.9685052,,attraction,,,,,,
41.0084166,28.9582760,,hotel,,,,,,
41.0101331,28.9778632,Cheers Hostel,hotel,,,,,,
41.0145068,28.9685011,,viewpoint,,,,,,
41.0135031,28.9787420,,hostel,,,,,,
41.0124010,28.9560605,,hotel,,,,,,
41.0072357,28.9560500,,motel,,,,,,
41.0074554,28.9724506,Şerefiye Sarnıcı,museum,,,,,,
41.0089612,28.9605792,,hotel,,,,,,
41.0088933,28.9607949,,hotel,,,,,,
41.0132875,28.9771904,,hotel,,,,,,
41.0086847,28.9626670,,caravan_site,,,,,,
41.0028629,28.9740952,Deniz,hotel,,,,,,
41.0114736,28.9720733,,artwork,,,,,,
41.0094884,28.9536085,,attraction,,,,,,
41.0054725,28.9794903,,hostel,,,,,,
41.0076160,28.9516226,,hotel,,,,,,
41.0074115,28.9724859,Şerefiye Cistern,attraction,,,,,,
41.0171373,28.9463422,"Akşemsettin Mah.Muhtarhüsni Sok No.39/5, Fatih, İstanbul, Turkey.",apartment,,,,,,
41.0095369,28.9750275,Sunlife oldcity Hotel,hotel,,,,,,
41.0112205,28.9675064,Ünsal Lamba,artwork,,,,,,
41.0123398,28.9405500,,hotel,,,,,,
41.0238431,28.9750813,Sabanci Universitesi Kasa Galerisi,museum,,,,,,
41.0240669,28.9751416,Vita Suites Karakoy,hotel,,,,,,
41.0123430,28.9440101,The Sultanahmet,information,,,,,,"At The Sultanahmet, we provide a smooth way for you to discover Turkey tours, activities, attractions and many things to do in Turkey. 

We're a group of Turkey enthusiasts who love helping travelers planning to visit Turkey."
41.0057961,28.9548341,كراند ايمن,hotel,,,,,,
41.0119335,28.9544544,Saas,hotel,,,,,,
41.0029307,28.9741489,,hotel,,,,,,
41.0110289,28.9553809,فندق السلطان,hotel,,,,,,
41.0241812,28.9726170,Galata Hotel Istanbul - MGallery by Sofitel,hotel,,,,,,
41.0073103,28.9711347,,hotel,,,,,,
41.0052059,28.9666031,,guest_house,,,,,,
41.0146076,28.9678803,,guest_house,,,,,,
41.0123803,28.9675313,,apartment,,,,,,
41.0051477,28.9736038,,apartment,,,,,,
41.0110521,28.9544626,Mişaň öýü,guest_house,,,,,,
41.0042865,28.9663963,Istanbul,camp_site,,,,,,
41.0028834,28.9734609,,camp_site,,,,,,
41.0234882,28.9735102,,hotel,,,,,,
41.0070555,28.9733757,,hotel,,,,,,
41.0026752,28.9813968,,viewpoint,,,,,,
41.0034544,28.9743857,,hotel,,,,,,
41.0136768,28.9754688,Aslan Home Apart,hotel,,,,,,
41.0034410,28.9705017,,hotel,,,,,,
41.0052204,28.9843110,,viewpoint,,,,,,
41.0081314,28.9513727,karaman hotel,hotel,,,,,,
41.0086920,28.9599890,,hotel,,,,,,
41.0151587,28.9752243,صيرفه حسين علي خضير,hostel,,,,,,
41.0078885,28.9517461,Linfer hotel,hotel,,,,,,
41.0088764,28.9608310,,hotel,,,,,,
41.0225736,28.9412244,,artwork,,,,,,
41.0165576,28.9437416,ياسين اسطنبول,hostel,,,,,,
41.0165629,28.9441013,ياسين استنبول,hostel,,,,,,
41.0220871,28.9772376,,viewpoint,,,,,,
41.0093681,28.9551750,,motel,,,,,,
41.0032894,28.9717147,,apartment,,,,,,
41.0061112,28.9807458,Shabby Guesthouse,hostel,,,,,,
41.0046076,28.9628642,,hotel,,,,,,
41.0238502,28.9749813,The Purl Hotel,hotel,,,,,,
41.0121088,28.9570389,,hotel,,,,,,
41.0159786,28.9573379,,hotel,,,,,,
41.0041339,28.9751882,,museum,,,,,,
41.0088221,28.9627940,,hotel,,,,,,
41.0077434,28.9550726,,hotel,,,,,,
41.0202156,28.9738132,,attraction,,,,,,
41.0064720,28.9701806,My Home Sultanahmet Hotel,hotel,,,,,,
41.0103946,28.9477916,,hotel,,,,,,
41.0103866,28.9477994,,hotel,,,,,,
41.0060825,28.9541310,Grand Hilarium Hotel,hotel,,,,,,
41.0102066,28.9474125,,hotel,,,,,,
41.0103902,28.9478253,,hostel,,,,,,
41.0103964,28.9478125,,hostel,,,,,,
41.0105870,28.9480104,,hostel,,,,,,
41.0091400,28.9522858,,motel,,,,,,
41.0146504,28.9768689,İstasyon Hotel,hotel,,,,,,
41.0142016,28.9775070,Grand Seigneur,hotel,,,,,,
41.0051868,28.9705519,,apartment,,,,,,
41.0051496,28.9705424,,apartment,,,,,,
41.0233579,28.9688749,,viewpoint,,,,,,
41.0044135,28.9622832,,hotel,,,,,,
41.0120212,28.9782785,The Constantine Hotel,hotel,,,,,,
41.0172592,28.9689817,,attraction,,,,,,
41.0060855,28.9732794,,attraction,,,,,,
41.0125467,28.9573027,,hotel,,,,,,
41.0229981,28.9305259,اكغون,hotel,,,,,,
41.0039156,28.9715192,,hostel,,,,,,
41.0115208,28.9545857,Mirilayon,hotel,,,,,,
41.0235007,28.9742994,,hotel,,,,,,
41.0191832,28.9602250,,hotel,,,,,,
41.0105648,28.9827719,,museum,,,,,,
41.0094707,28.9768982,hotel antusa,hotel,,,,,,
41.0046097,28.9791061,Lamp Hotel,hotel,,,,,,
41.0052523,28.9768918,Sultanahmet Camii,attraction,,place_of_worship,,muslim,,
41.0075251,28.9519052,,apartment,,,,,,
41.0120707,28.9560710,,hotel,,,,,,
41.0240778,28.9689764,Mimar Sinan,artwork,,,,,,
41.0228863,28.9305783,,hotel,,,,,,
41.0095885,28.9618621,,attraction,,,,,,
41.0018684,28.9562541,,picnic_site,,,,,,
41.0170972,28.9762420,,picnic_site,,,,,,
41.0095853,28.9618436,,attraction,,,,,,
41.0089808,28.9821434,,viewpoint,,,,,,
41.0057401,28.9690300,,guest_house,,,,,,
41.0157750,28.9662650,,attraction,,,,,,
41.0039267,28.9727722,ATİLLA ÖZEFE HAOUSE,apartment,,,,,,
41.0158209,28.9662933,,viewpoint,,,,,,
41.0154482,28.9851066,,museum,,,,,,
41.0111977,28.9584197,Vander Valk İstanbul Hotel,hotel,,,,,,
41.0115229,28.9544175,,hotel,,,,,,
41.0026409,28.9735712,Harmony hotel teras,viewpoint,,,,,,"Terrace on the tap floor of ""Harmony"" hotel with a beatiful view  on the Marmara sea. You can also order some drinks from the terrace menu and enjoy beatiful sunsets or sunrises above the sea surface."
41.0137819,28.9853455,,museum,,,,,,
41.0053891,28.9555107,Sur 2 hotel,hotel,,,,,,
41.0048973,28.9558120,Grand Milan Hotel,hotel,,,,,,
41.0202995,28.9623861,reydel hotel,hotel,,,,,,
41.0134328,28.9423846,,caravan_site,,,,,,
41.0147153,28.9738991,PTT Müzesi,museum,,,,,,
40.9974551,28.9416986,Yaşar Kemal,artwork,,,,,,
41.0074010,28.9492942,Newemin,hotel,,,,,,
41.0040369,28.9730501,,motel,,,,,,
41.0129284,28.9780624,,hotel,,,,,,
41.0099667,28.9759904,,hotel,,,,,,
41.0226359,28.9770055,,hotel,,,,,,
41.0077206,28.9517148,Hotel Öz Villa,hotel,,,,,,
41.0045320,28.9780511,sultanahmet palace,hotel,,,,,,
41.0026298,28.9733914,Boutique California,hotel,,,,,,
41.0097647,28.9538617,سوق  كبير,artwork,,,,,,
41.0207813,28.9465625,بدلات عرس,artwork,,,,,,
41.0148475,28.9718041,بنطرون,artwork,,,,,,
41.0065374,28.9814460,,hotel,,,,,,
41.0222509,28.9598944,,hotel,,,,,,
41.0035201,28.9767264,,hotel,,,,,,
41.0167316,28.9841248,بارك,attraction,,,,,,
41.0108493,28.9631157,Türk Eczacılık Tarihi İhtisas Müzesi,museum,,,,,,"Türkiye’nin ilk Eczacılık Tarihi Müzesi olan müzemiz 1960 yılında Prof. Dr. Turhan Baytop tarafından kurulmuştur. Müzenin çekirdeğini T. Baytop’un kişisel koleksiyonu oluşturmuş, daha sonra eczacıların ve hekimlerin bağışladığı eşyalar ile müze zenginleşm"
41.0098561,28.9601156,İstanbul Üniversitesi Rıdvan Çelikel Arkeoloji Müzesi,museum,,,,,,
41.0098548,28.9774371,Mir suites,apartment,,,,,,
41.0029330,28.9782596,Otel Lebon Old City,hotel,,,,,,
41.0061034,28.9542943,Grand Oral Hotel,hotel,,,,,,
41.0151791,28.9723891,Orientbank Hotel Istanbul,hotel,,,,,,
41.0113846,28.9690155,,viewpoint,,,,,,
41.0134211,28.9687230,,viewpoint,,,,,,
41.0239852,28.9723371,,viewpoint,,,,,,
41.0057911,28.9543846,,hotel,,,,,,
41.0130765,28.9771019,,hotel,,,,,,
41.0125522,28.9742499,,hotel,,,,,,
41.0134194,28.9765637,,hotel,,,,,,
41.0134925,28.9764156,,viewpoint,,,,,,
41.0064499,28.9685801,Mini house,hotel,,,,,,
41.0041016,28.9751527,Ancient cistern in the cellar of shop Nakkas,attraction,,,,,,for free!
41.0160604,28.9554094,Valens Aqueduct,attraction,,,,,,
41.0100905,28.9779230,,viewpoint,,,,,,
41.0146448,28.9785918,,viewpoint,,,,,,
41.0122053,28.9809347,,viewpoint,,,,,,
41.0157573,28.9741246,,hotel,,,,,,
41.0240802,28.9792412,JW Mariott,hotel,,,,,,
41.0035090,28.9698316,,apartment,,,,,,
41.0031160,28.9768697,Amida house,hotel,,,,,,
41.0032896,28.9770828,Amida,hotel,,,,,,
41.0241223,28.9745822,,hotel,,,,,,
41.0155169,28.9722658,Şirin Han Hotel,hotel,,,,,,
41.0097665,28.9776509,,hotel,,,,,,
41.0130166,28.9475901,نوبل,guest_house,,,,,,
41.0051558,28.9804167,Grand Peninsula hotel,hotel,,,,,,
41.0196804,28.9616402,Hotel Otağ,hotel,,,,,,
41.0096173,28.9546212,,chalet,,,,,,
41.0063632,28.9546258,,hotel,,,,,,
41.0149637,28.9743107,HAN 1772 HOTEL,hotel,,,,,,
41.0144306,28.9678594,,viewpoint,,,,,,
41.0103374,28.9780569,Basilisis Hotel,hotel,,,,,,
41.0102011,28.9779491,Modern Sultun Hotel,hotel,,,,,,
